sentence,word,label
Asslam o AlikumIqrar bahi Jan mujhe help ki zarurt hn plez mai Kase Ap se rabta karu plz,Asslam,URD
Asslam o AlikumIqrar bahi Jan mujhe help ki zarurt hn plez mai Kase Ap se rabta karu plz,o,ENG
Asslam o AlikumIqrar bahi Jan mujhe help ki zarurt hn plez mai Kase Ap se rabta karu plz,AlikumIqrar,URD
Asslam o AlikumIqrar bahi Jan mujhe help ki zarurt hn plez mai Kase Ap se rabta karu plz,bahi,URD
Asslam o AlikumIqrar bahi Jan mujhe help ki zarurt hn plez mai Kase Ap se rabta karu plz,Jan,ENG
Asslam o AlikumIqrar bahi Jan mujhe help ki zarurt hn plez mai Kase Ap se rabta karu plz,mujhe,URD
Asslam o AlikumIqrar bahi Jan mujhe help ki zarurt hn plez mai Kase Ap se rabta karu plz,help,ENG
Asslam o AlikumIqrar bahi Jan mujhe help ki zarurt hn plez mai Kase Ap se rabta karu plz,ki,URD
Asslam o AlikumIqrar bahi Jan mujhe help ki zarurt hn plez mai Kase Ap se rabta karu plz,zarurt,URD
Asslam o AlikumIqrar bahi Jan mujhe help ki zarurt hn plez mai Kase Ap se rabta karu plz,hn,URD
Asslam o AlikumIqrar bahi Jan mujhe help ki zarurt hn plez mai Kase Ap se rabta karu plz,plez,URD
Asslam o AlikumIqrar bahi Jan mujhe help ki zarurt hn plez mai Kase Ap se rabta karu plz,mai,URD
Asslam o AlikumIqrar bahi Jan mujhe help ki zarurt hn plez mai Kase Ap se rabta karu plz,Kase,URD
Asslam o AlikumIqrar bahi Jan mujhe help ki zarurt hn plez mai Kase Ap se rabta karu plz,Ap,URD
Asslam o AlikumIqrar bahi Jan mujhe help ki zarurt hn plez mai Kase Ap se rabta karu plz,se,URD
Asslam o AlikumIqrar bahi Jan mujhe help ki zarurt hn plez mai Kase Ap se rabta karu plz,rabta,URD
Asslam o AlikumIqrar bahi Jan mujhe help ki zarurt hn plez mai Kase Ap se rabta karu plz,karu,URD
Asslam o AlikumIqrar bahi Jan mujhe help ki zarurt hn plez mai Kase Ap se rabta karu plz,plz,URD
Sujja bahi south America my hy mabi Sheikh Zahid AlNahyan or shahzady Imran ky sat,Sujja,URD
Sujja bahi south America my hy mabi Sheikh Zahid AlNahyan or shahzady Imran ky sat,bahi,URD
Sujja bahi south America my hy mabi Sheikh Zahid AlNahyan or shahzady Imran ky sat,south,ENG
Sujja bahi south America my hy mabi Sheikh Zahid AlNahyan or shahzady Imran ky sat,America,ENG
Sujja bahi south America my hy mabi Sheikh Zahid AlNahyan or shahzady Imran ky sat,my,ENG
Sujja bahi south America my hy mabi Sheikh Zahid AlNahyan or shahzady Imran ky sat,hy,URD
Sujja bahi south America my hy mabi Sheikh Zahid AlNahyan or shahzady Imran ky sat,mabi,URD
Sujja bahi south America my hy mabi Sheikh Zahid AlNahyan or shahzady Imran ky sat,Sheikh,URD
Sujja bahi south America my hy mabi Sheikh Zahid AlNahyan or shahzady Imran ky sat,Zahid,URD
Sujja bahi south America my hy mabi Sheikh Zahid AlNahyan or shahzady Imran ky sat,AlNahyan,URD
Sujja bahi south America my hy mabi Sheikh Zahid AlNahyan or shahzady Imran ky sat,or,ENG
Sujja bahi south America my hy mabi Sheikh Zahid AlNahyan or shahzady Imran ky sat,shahzady,URD
Sujja bahi south America my hy mabi Sheikh Zahid AlNahyan or shahzady Imran ky sat,Imran,URD
Sujja bahi south America my hy mabi Sheikh Zahid AlNahyan or shahzady Imran ky sat,ky,ENG
Sujja bahi south America my hy mabi Sheikh Zahid AlNahyan or shahzady Imran ky sat,sat,ENG
Aik American company aesi bhi hai jo sirf un ko leti hai jo fail huway hoon,Aik,URD
Aik American company aesi bhi hai jo sirf un ko leti hai jo fail huway hoon,American,ENG
Aik American company aesi bhi hai jo sirf un ko leti hai jo fail huway hoon,company,ENG
Aik American company aesi bhi hai jo sirf un ko leti hai jo fail huway hoon,aesi,URD
Aik American company aesi bhi hai jo sirf un ko leti hai jo fail huway hoon,bhi,URD
Aik American company aesi bhi hai jo sirf un ko leti hai jo fail huway hoon,hai,URD
Aik American company aesi bhi hai jo sirf un ko leti hai jo fail huway hoon,jo,URD
Aik American company aesi bhi hai jo sirf un ko leti hai jo fail huway hoon,sirf,URD
Aik American company aesi bhi hai jo sirf un ko leti hai jo fail huway hoon,un,URD
Aik American company aesi bhi hai jo sirf un ko leti hai jo fail huway hoon,ko,URD
Aik American company aesi bhi hai jo sirf un ko leti hai jo fail huway hoon,leti,URD
Aik American company aesi bhi hai jo sirf un ko leti hai jo fail huway hoon,hai,URD
Aik American company aesi bhi hai jo sirf un ko leti hai jo fail huway hoon,jo,URD
Aik American company aesi bhi hai jo sirf un ko leti hai jo fail huway hoon,fail,ENG
Aik American company aesi bhi hai jo sirf un ko leti hai jo fail huway hoon,huway,URD
Aik American company aesi bhi hai jo sirf un ko leti hai jo fail huway hoon,hoon,URD
Shukrr aaj ma ne patwaran dekh li,Shukrr,URD
Shukrr aaj ma ne patwaran dekh li,aaj,URD
Shukrr aaj ma ne patwaran dekh li,ma,ENG
Shukrr aaj ma ne patwaran dekh li,ne,URD
Shukrr aaj ma ne patwaran dekh li,patwaran,URD
Shukrr aaj ma ne patwaran dekh li,dekh,URD
Shukrr aaj ma ne patwaran dekh li,li,ENG
Church Mission School mein un ki salahiyaton ko aur jila mili jahan kheel ka bara medan tha,Church,ENG
Church Mission School mein un ki salahiyaton ko aur jila mili jahan kheel ka bara medan tha,Mission,ENG
Church Mission School mein un ki salahiyaton ko aur jila mili jahan kheel ka bara medan tha,School,ENG
Church Mission School mein un ki salahiyaton ko aur jila mili jahan kheel ka bara medan tha,mein,URD
Church Mission School mein un ki salahiyaton ko aur jila mili jahan kheel ka bara medan tha,un,URD
Church Mission School mein un ki salahiyaton ko aur jila mili jahan kheel ka bara medan tha,ki,URD
Church Mission School mein un ki salahiyaton ko aur jila mili jahan kheel ka bara medan tha,salahiyaton,URD
Church Mission School mein un ki salahiyaton ko aur jila mili jahan kheel ka bara medan tha,ko,URD
Church Mission School mein un ki salahiyaton ko aur jila mili jahan kheel ka bara medan tha,aur,URD
Church Mission School mein un ki salahiyaton ko aur jila mili jahan kheel ka bara medan tha,jila,URD
Church Mission School mein un ki salahiyaton ko aur jila mili jahan kheel ka bara medan tha,mili,URD
Church Mission School mein un ki salahiyaton ko aur jila mili jahan kheel ka bara medan tha,jahan,URD
Church Mission School mein un ki salahiyaton ko aur jila mili jahan kheel ka bara medan tha,kheel,URD
Church Mission School mein un ki salahiyaton ko aur jila mili jahan kheel ka bara medan tha,ka,URD
Church Mission School mein un ki salahiyaton ko aur jila mili jahan kheel ka bara medan tha,bara,URD
Church Mission School mein un ki salahiyaton ko aur jila mili jahan kheel ka bara medan tha,medan,URD
Church Mission School mein un ki salahiyaton ko aur jila mili jahan kheel ka bara medan tha,tha,URD
Ye kya baat hui phle intrest jagate ho phir episode upload hi nhi krte,Ye,URD
Ye kya baat hui phle intrest jagate ho phir episode upload hi nhi krte,kya,URD
Ye kya baat hui phle intrest jagate ho phir episode upload hi nhi krte,baat,URD
Ye kya baat hui phle intrest jagate ho phir episode upload hi nhi krte,hui,URD
Ye kya baat hui phle intrest jagate ho phir episode upload hi nhi krte,phle,URD
Ye kya baat hui phle intrest jagate ho phir episode upload hi nhi krte,intrest,URD
Ye kya baat hui phle intrest jagate ho phir episode upload hi nhi krte,jagate,URD
Ye kya baat hui phle intrest jagate ho phir episode upload hi nhi krte,ho,URD
Ye kya baat hui phle intrest jagate ho phir episode upload hi nhi krte,phir,URD
Ye kya baat hui phle intrest jagate ho phir episode upload hi nhi krte,episode,ENG
Ye kya baat hui phle intrest jagate ho phir episode upload hi nhi krte,upload,ENG
Ye kya baat hui phle intrest jagate ho phir episode upload hi nhi krte,hi,URD
Ye kya baat hui phle intrest jagate ho phir episode upload hi nhi krte,nhi,URD
Ye kya baat hui phle intrest jagate ho phir episode upload hi nhi krte,krte,URD
K agr tum thora sa b khubsorat hote p,K,URD
K agr tum thora sa b khubsorat hote p,agr,URD
K agr tum thora sa b khubsorat hote p,tum,URD
K agr tum thora sa b khubsorat hote p,thora,URD
K agr tum thora sa b khubsorat hote p,sa,ENG
K agr tum thora sa b khubsorat hote p,b,URD
K agr tum thora sa b khubsorat hote p,khubsorat,URD
K agr tum thora sa b khubsorat hote p,hote,URD
K agr tum thora sa b khubsorat hote p,p,ENG
Bahot Slim Khubsurat Zabardast Mobile Hai,Bahot,URD
Bahot Slim Khubsurat Zabardast Mobile Hai,Slim,ENG
Bahot Slim Khubsurat Zabardast Mobile Hai,Khubsurat,URD
Bahot Slim Khubsurat Zabardast Mobile Hai,Zabardast,URD
Bahot Slim Khubsurat Zabardast Mobile Hai,Mobile,ENG
Bahot Slim Khubsurat Zabardast Mobile Hai,Hai,URD
Nawaz Sharif aik saisatdan hi nahein balkay iss say hat kar bhi aik saksiyat rakhtay hain,Nawaz,URD
Nawaz Sharif aik saisatdan hi nahein balkay iss say hat kar bhi aik saksiyat rakhtay hain,Sharif,URD
Nawaz Sharif aik saisatdan hi nahein balkay iss say hat kar bhi aik saksiyat rakhtay hain,aik,URD
Nawaz Sharif aik saisatdan hi nahein balkay iss say hat kar bhi aik saksiyat rakhtay hain,saisatdan,URD
Nawaz Sharif aik saisatdan hi nahein balkay iss say hat kar bhi aik saksiyat rakhtay hain,hi,URD
Nawaz Sharif aik saisatdan hi nahein balkay iss say hat kar bhi aik saksiyat rakhtay hain,nahein,URD
Nawaz Sharif aik saisatdan hi nahein balkay iss say hat kar bhi aik saksiyat rakhtay hain,balkay,URD
Nawaz Sharif aik saisatdan hi nahein balkay iss say hat kar bhi aik saksiyat rakhtay hain,iss,URD
Nawaz Sharif aik saisatdan hi nahein balkay iss say hat kar bhi aik saksiyat rakhtay hain,say,ENG
Nawaz Sharif aik saisatdan hi nahein balkay iss say hat kar bhi aik saksiyat rakhtay hain,hat,ENG
Nawaz Sharif aik saisatdan hi nahein balkay iss say hat kar bhi aik saksiyat rakhtay hain,kar,URD
Nawaz Sharif aik saisatdan hi nahein balkay iss say hat kar bhi aik saksiyat rakhtay hain,bhi,URD
Nawaz Sharif aik saisatdan hi nahein balkay iss say hat kar bhi aik saksiyat rakhtay hain,aik,URD
Nawaz Sharif aik saisatdan hi nahein balkay iss say hat kar bhi aik saksiyat rakhtay hain,saksiyat,URD
Nawaz Sharif aik saisatdan hi nahein balkay iss say hat kar bhi aik saksiyat rakhtay hain,rakhtay,URD
Nawaz Sharif aik saisatdan hi nahein balkay iss say hat kar bhi aik saksiyat rakhtay hain,hain,URD
Aunty ny bs chuss he mari ha,Aunty,URD
Aunty ny bs chuss he mari ha,ny,URD
Aunty ny bs chuss he mari ha,bs,ENG
Aunty ny bs chuss he mari ha,chuss,URD
Aunty ny bs chuss he mari ha,he,ENG
Aunty ny bs chuss he mari ha,mari,URD
Aunty ny bs chuss he mari ha,ha,ENG
tag kar de usse P,tag,ENG
tag kar de usse P,kar,URD
tag kar de usse P,de,URD
tag kar de usse P,usse,URD
tag kar de usse P,P,ENG
Nice kis time p parhni he,Nice,ENG
Nice kis time p parhni he,kis,URD
Nice kis time p parhni he,time,URD
Nice kis time p parhni he,p,ENG
Nice kis time p parhni he,parhni,URD
Nice kis time p parhni he,he,ENG
tere bt hori ha yha,tere,URD
tere bt hori ha yha,bt,ENG
tere bt hori ha yha,hori,URD
tere bt hori ha yha,ha,ENG
tere bt hori ha yha,yha,URD
Nhii sherry kesath bhi nhi hogi kinza ki shadi use pishwar hi jana para ga,Nhii,URD
Nhii sherry kesath bhi nhi hogi kinza ki shadi use pishwar hi jana para ga,sherry,URD
Nhii sherry kesath bhi nhi hogi kinza ki shadi use pishwar hi jana para ga,kesath,URD
Nhii sherry kesath bhi nhi hogi kinza ki shadi use pishwar hi jana para ga,bhi,URD
Nhii sherry kesath bhi nhi hogi kinza ki shadi use pishwar hi jana para ga,nhi,URD
Nhii sherry kesath bhi nhi hogi kinza ki shadi use pishwar hi jana para ga,hogi,URD
Nhii sherry kesath bhi nhi hogi kinza ki shadi use pishwar hi jana para ga,kinza,URD
Nhii sherry kesath bhi nhi hogi kinza ki shadi use pishwar hi jana para ga,ki,URD
Nhii sherry kesath bhi nhi hogi kinza ki shadi use pishwar hi jana para ga,shadi,URD
Nhii sherry kesath bhi nhi hogi kinza ki shadi use pishwar hi jana para ga,use,ENG
Nhii sherry kesath bhi nhi hogi kinza ki shadi use pishwar hi jana para ga,pishwar,URD
Nhii sherry kesath bhi nhi hogi kinza ki shadi use pishwar hi jana para ga,hi,URD
Nhii sherry kesath bhi nhi hogi kinza ki shadi use pishwar hi jana para ga,jana,URD
Nhii sherry kesath bhi nhi hogi kinza ki shadi use pishwar hi jana para ga,para,ENG
Nhii sherry kesath bhi nhi hogi kinza ki shadi use pishwar hi jana para ga,ga,ENG
is ko zaroor dekha kare app ko haqeeqte dunya samjh ajaye ge,is,URD
is ko zaroor dekha kare app ko haqeeqte dunya samjh ajaye ge,ko,URD
is ko zaroor dekha kare app ko haqeeqte dunya samjh ajaye ge,zaroor,URD
is ko zaroor dekha kare app ko haqeeqte dunya samjh ajaye ge,dekha,URD
is ko zaroor dekha kare app ko haqeeqte dunya samjh ajaye ge,kare,URD
is ko zaroor dekha kare app ko haqeeqte dunya samjh ajaye ge,app,ENG
is ko zaroor dekha kare app ko haqeeqte dunya samjh ajaye ge,ko,URD
is ko zaroor dekha kare app ko haqeeqte dunya samjh ajaye ge,haqeeqte,URD
is ko zaroor dekha kare app ko haqeeqte dunya samjh ajaye ge,dunya,URD
is ko zaroor dekha kare app ko haqeeqte dunya samjh ajaye ge,samjh,URD
is ko zaroor dekha kare app ko haqeeqte dunya samjh ajaye ge,ajaye,URD
is ko zaroor dekha kare app ko haqeeqte dunya samjh ajaye ge,ge,ENG
Queen Elizabeth urdu kbse bolne lgin,Queen,ENG
Queen Elizabeth urdu kbse bolne lgin,Elizabeth,ENG
Queen Elizabeth urdu kbse bolne lgin,urdu,URD
Queen Elizabeth urdu kbse bolne lgin,kbse,URD
Queen Elizabeth urdu kbse bolne lgin,bolne,URD
Queen Elizabeth urdu kbse bolne lgin,lgin,URD
zahir hai kharab condition hone ki wajah se is mein training aur practice ka koi faidah nahi hai,zahir,URD
zahir hai kharab condition hone ki wajah se is mein training aur practice ka koi faidah nahi hai,hai,URD
zahir hai kharab condition hone ki wajah se is mein training aur practice ka koi faidah nahi hai,kharab,URD
zahir hai kharab condition hone ki wajah se is mein training aur practice ka koi faidah nahi hai,condition,ENG
zahir hai kharab condition hone ki wajah se is mein training aur practice ka koi faidah nahi hai,hone,URD
zahir hai kharab condition hone ki wajah se is mein training aur practice ka koi faidah nahi hai,ki,URD
zahir hai kharab condition hone ki wajah se is mein training aur practice ka koi faidah nahi hai,wajah,URD
zahir hai kharab condition hone ki wajah se is mein training aur practice ka koi faidah nahi hai,se,URD
zahir hai kharab condition hone ki wajah se is mein training aur practice ka koi faidah nahi hai,is,URD
zahir hai kharab condition hone ki wajah se is mein training aur practice ka koi faidah nahi hai,mein,URD
zahir hai kharab condition hone ki wajah se is mein training aur practice ka koi faidah nahi hai,training,ENG
zahir hai kharab condition hone ki wajah se is mein training aur practice ka koi faidah nahi hai,aur,URD
zahir hai kharab condition hone ki wajah se is mein training aur practice ka koi faidah nahi hai,practice,ENG
zahir hai kharab condition hone ki wajah se is mein training aur practice ka koi faidah nahi hai,ka,URD
zahir hai kharab condition hone ki wajah se is mein training aur practice ka koi faidah nahi hai,koi,URD
zahir hai kharab condition hone ki wajah se is mein training aur practice ka koi faidah nahi hai,faidah,URD
zahir hai kharab condition hone ki wajah se is mein training aur practice ka koi faidah nahi hai,nahi,URD
zahir hai kharab condition hone ki wajah se is mein training aur practice ka koi faidah nahi hai,hai,URD
Number ap NY band rakha ha order kdr Karin g,Number,ENG
Number ap NY band rakha ha order kdr Karin g,ap,URD
Number ap NY band rakha ha order kdr Karin g,NY,URD
Number ap NY band rakha ha order kdr Karin g,band,ENG
Number ap NY band rakha ha order kdr Karin g,rakha,URD
Number ap NY band rakha ha order kdr Karin g,ha,ENG
Number ap NY band rakha ha order kdr Karin g,order,ENG
Number ap NY band rakha ha order kdr Karin g,kdr,URD
Number ap NY band rakha ha order kdr Karin g,Karin,URD
Number ap NY band rakha ha order kdr Karin g,g,ENG
Hussain Shaheed Suhrawardy Calcutta Municipal Corporation ke deputy mayor muntakhib hue,Hussain,URD
Hussain Shaheed Suhrawardy Calcutta Municipal Corporation ke deputy mayor muntakhib hue,Shaheed,URD
Hussain Shaheed Suhrawardy Calcutta Municipal Corporation ke deputy mayor muntakhib hue,Suhrawardy,URD
Hussain Shaheed Suhrawardy Calcutta Municipal Corporation ke deputy mayor muntakhib hue,Calcutta,URD
Hussain Shaheed Suhrawardy Calcutta Municipal Corporation ke deputy mayor muntakhib hue,Municipal,ENG
Hussain Shaheed Suhrawardy Calcutta Municipal Corporation ke deputy mayor muntakhib hue,Corporation,ENG
Hussain Shaheed Suhrawardy Calcutta Municipal Corporation ke deputy mayor muntakhib hue,ke,URD
Hussain Shaheed Suhrawardy Calcutta Municipal Corporation ke deputy mayor muntakhib hue,deputy,ENG
Hussain Shaheed Suhrawardy Calcutta Municipal Corporation ke deputy mayor muntakhib hue,mayor,ENG
Hussain Shaheed Suhrawardy Calcutta Municipal Corporation ke deputy mayor muntakhib hue,muntakhib,URD
Hussain Shaheed Suhrawardy Calcutta Municipal Corporation ke deputy mayor muntakhib hue,hue,URD
Ab to nikl gya jo niklna tha khair hay,Ab,URD
Ab to nikl gya jo niklna tha khair hay,to,ENG
Ab to nikl gya jo niklna tha khair hay,nikl,URD
Ab to nikl gya jo niklna tha khair hay,gya,URD
Ab to nikl gya jo niklna tha khair hay,jo,URD
Ab to nikl gya jo niklna tha khair hay,niklna,URD
Ab to nikl gya jo niklna tha khair hay,tha,URD
Ab to nikl gya jo niklna tha khair hay,khair,URD
Ab to nikl gya jo niklna tha khair hay,hay,ENG
Pinko ka pata Kiran ky sir Junaid lary ko hy,Pinko,URD
Pinko ka pata Kiran ky sir Junaid lary ko hy,ka,URD
Pinko ka pata Kiran ky sir Junaid lary ko hy,pata,URD
Pinko ka pata Kiran ky sir Junaid lary ko hy,Kiran,URD
Pinko ka pata Kiran ky sir Junaid lary ko hy,ky,ENG
Pinko ka pata Kiran ky sir Junaid lary ko hy,sir,ENG
Pinko ka pata Kiran ky sir Junaid lary ko hy,Junaid,URD
Pinko ka pata Kiran ky sir Junaid lary ko hy,lary,URD
Pinko ka pata Kiran ky sir Junaid lary ko hy,ko,URD
Pinko ka pata Kiran ky sir Junaid lary ko hy,hy,URD
Alipur Jail mein in ki mulaqat Calcutta corporation ke us waqt ke Meyar Mohammed Usman se hui,Alipur,URD
Alipur Jail mein in ki mulaqat Calcutta corporation ke us waqt ke Meyar Mohammed Usman se hui,Jail,ENG
Alipur Jail mein in ki mulaqat Calcutta corporation ke us waqt ke Meyar Mohammed Usman se hui,mein,URD
Alipur Jail mein in ki mulaqat Calcutta corporation ke us waqt ke Meyar Mohammed Usman se hui,in,URD
Alipur Jail mein in ki mulaqat Calcutta corporation ke us waqt ke Meyar Mohammed Usman se hui,ki,URD
Alipur Jail mein in ki mulaqat Calcutta corporation ke us waqt ke Meyar Mohammed Usman se hui,mulaqat,URD
Alipur Jail mein in ki mulaqat Calcutta corporation ke us waqt ke Meyar Mohammed Usman se hui,Calcutta,URD
Alipur Jail mein in ki mulaqat Calcutta corporation ke us waqt ke Meyar Mohammed Usman se hui,corporation,ENG
Alipur Jail mein in ki mulaqat Calcutta corporation ke us waqt ke Meyar Mohammed Usman se hui,ke,URD
Alipur Jail mein in ki mulaqat Calcutta corporation ke us waqt ke Meyar Mohammed Usman se hui,us,URD
Alipur Jail mein in ki mulaqat Calcutta corporation ke us waqt ke Meyar Mohammed Usman se hui,waqt,URD
Alipur Jail mein in ki mulaqat Calcutta corporation ke us waqt ke Meyar Mohammed Usman se hui,ke,URD
Alipur Jail mein in ki mulaqat Calcutta corporation ke us waqt ke Meyar Mohammed Usman se hui,Meyar,URD
Alipur Jail mein in ki mulaqat Calcutta corporation ke us waqt ke Meyar Mohammed Usman se hui,Mohammed,URD
Alipur Jail mein in ki mulaqat Calcutta corporation ke us waqt ke Meyar Mohammed Usman se hui,Usman,URD
Alipur Jail mein in ki mulaqat Calcutta corporation ke us waqt ke Meyar Mohammed Usman se hui,se,URD
Alipur Jail mein in ki mulaqat Calcutta corporation ke us waqt ke Meyar Mohammed Usman se hui,hui,URD
And that meghan kal se palace ka wifi password mang rahi hay,And,ENG
And that meghan kal se palace ka wifi password mang rahi hay,that,ENG
And that meghan kal se palace ka wifi password mang rahi hay,meghan,URD
And that meghan kal se palace ka wifi password mang rahi hay,kal,URD
And that meghan kal se palace ka wifi password mang rahi hay,se,URD
And that meghan kal se palace ka wifi password mang rahi hay,palace,ENG
And that meghan kal se palace ka wifi password mang rahi hay,ka,URD
And that meghan kal se palace ka wifi password mang rahi hay,wifi,ENG
And that meghan kal se palace ka wifi password mang rahi hay,password,ENG
And that meghan kal se palace ka wifi password mang rahi hay,mang,URD
And that meghan kal se palace ka wifi password mang rahi hay,rahi,URD
And that meghan kal se palace ka wifi password mang rahi hay,hay,ENG
Hand or bazuwaon ka rang waite krny ka tarika batain,Hand,ENG
Hand or bazuwaon ka rang waite krny ka tarika batain,or,ENG
Hand or bazuwaon ka rang waite krny ka tarika batain,bazuwaon,URD
Hand or bazuwaon ka rang waite krny ka tarika batain,ka,URD
Hand or bazuwaon ka rang waite krny ka tarika batain,rang,URD
Hand or bazuwaon ka rang waite krny ka tarika batain,waite,URD
Hand or bazuwaon ka rang waite krny ka tarika batain,krny,URD
Hand or bazuwaon ka rang waite krny ka tarika batain,ka,URD
Hand or bazuwaon ka rang waite krny ka tarika batain,tarika,URD
Hand or bazuwaon ka rang waite krny ka tarika batain,batain,URD
khass tor pa afshan ajj ka scene dekh kar,khass,URD
khass tor pa afshan ajj ka scene dekh kar,tor,URD
khass tor pa afshan ajj ka scene dekh kar,pa,ENG
khass tor pa afshan ajj ka scene dekh kar,afshan,URD
khass tor pa afshan ajj ka scene dekh kar,ajj,URD
khass tor pa afshan ajj ka scene dekh kar,ka,URD
khass tor pa afshan ajj ka scene dekh kar,scene,ENG
khass tor pa afshan ajj ka scene dekh kar,dekh,URD
khass tor pa afshan ajj ka scene dekh kar,kar,URD
Excited Jiya ar Arsal ki shadi hogi,Excited,ENG
Excited Jiya ar Arsal ki shadi hogi,Jiya,URD
Excited Jiya ar Arsal ki shadi hogi,ar,ENG
Excited Jiya ar Arsal ki shadi hogi,Arsal,URD
Excited Jiya ar Arsal ki shadi hogi,ki,URD
Excited Jiya ar Arsal ki shadi hogi,shadi,URD
Excited Jiya ar Arsal ki shadi hogi,hogi,URD
hakeem sb marhim ka nam kya h as key kamat katni h j,hakeem,URD
hakeem sb marhim ka nam kya h as key kamat katni h j,sb,ENG
hakeem sb marhim ka nam kya h as key kamat katni h j,marhim,URD
hakeem sb marhim ka nam kya h as key kamat katni h j,ka,URD
hakeem sb marhim ka nam kya h as key kamat katni h j,nam,ENG
hakeem sb marhim ka nam kya h as key kamat katni h j,kya,URD
hakeem sb marhim ka nam kya h as key kamat katni h j,h,URD
hakeem sb marhim ka nam kya h as key kamat katni h j,as,ENG
hakeem sb marhim ka nam kya h as key kamat katni h j,key,ENG
hakeem sb marhim ka nam kya h as key kamat katni h j,kamat,URD
hakeem sb marhim ka nam kya h as key kamat katni h j,katni,URD
hakeem sb marhim ka nam kya h as key kamat katni h j,h,URD
hakeem sb marhim ka nam kya h as key kamat katni h j,j,ENG
Why So Searious Loug tou pooray chutiye hutay hain aapki tou baatein hi kafe hain chutiyapay ke lye,Why,ENG
Why So Searious Loug tou pooray chutiye hutay hain aapki tou baatein hi kafe hain chutiyapay ke lye,So,ENG
Why So Searious Loug tou pooray chutiye hutay hain aapki tou baatein hi kafe hain chutiyapay ke lye,Searious,URD
Why So Searious Loug tou pooray chutiye hutay hain aapki tou baatein hi kafe hain chutiyapay ke lye,Loug,URD
Why So Searious Loug tou pooray chutiye hutay hain aapki tou baatein hi kafe hain chutiyapay ke lye,tou,URD
Why So Searious Loug tou pooray chutiye hutay hain aapki tou baatein hi kafe hain chutiyapay ke lye,pooray,URD
Why So Searious Loug tou pooray chutiye hutay hain aapki tou baatein hi kafe hain chutiyapay ke lye,chutiye,URD
Why So Searious Loug tou pooray chutiye hutay hain aapki tou baatein hi kafe hain chutiyapay ke lye,hutay,URD
Why So Searious Loug tou pooray chutiye hutay hain aapki tou baatein hi kafe hain chutiyapay ke lye,hain,URD
Why So Searious Loug tou pooray chutiye hutay hain aapki tou baatein hi kafe hain chutiyapay ke lye,aapki,URD
Why So Searious Loug tou pooray chutiye hutay hain aapki tou baatein hi kafe hain chutiyapay ke lye,tou,URD
Why So Searious Loug tou pooray chutiye hutay hain aapki tou baatein hi kafe hain chutiyapay ke lye,baatein,URD
Why So Searious Loug tou pooray chutiye hutay hain aapki tou baatein hi kafe hain chutiyapay ke lye,hi,URD
Why So Searious Loug tou pooray chutiye hutay hain aapki tou baatein hi kafe hain chutiyapay ke lye,kafe,URD
Why So Searious Loug tou pooray chutiye hutay hain aapki tou baatein hi kafe hain chutiyapay ke lye,hain,URD
Why So Searious Loug tou pooray chutiye hutay hain aapki tou baatein hi kafe hain chutiyapay ke lye,chutiyapay,URD
Why So Searious Loug tou pooray chutiye hutay hain aapki tou baatein hi kafe hain chutiyapay ke lye,ke,URD
Why So Searious Loug tou pooray chutiye hutay hain aapki tou baatein hi kafe hain chutiyapay ke lye,lye,URD
INSHAALLAH ALLAH APKY SATH HY ALLAH achy leader DY jo m BIN qasim ki nasal sy HO,INSHAALLAH,URD
INSHAALLAH ALLAH APKY SATH HY ALLAH achy leader DY jo m BIN qasim ki nasal sy HO,ALLAH,URD
INSHAALLAH ALLAH APKY SATH HY ALLAH achy leader DY jo m BIN qasim ki nasal sy HO,APKY,URD
INSHAALLAH ALLAH APKY SATH HY ALLAH achy leader DY jo m BIN qasim ki nasal sy HO,SATH,URD
INSHAALLAH ALLAH APKY SATH HY ALLAH achy leader DY jo m BIN qasim ki nasal sy HO,HY,URD
INSHAALLAH ALLAH APKY SATH HY ALLAH achy leader DY jo m BIN qasim ki nasal sy HO,ALLAH,URD
INSHAALLAH ALLAH APKY SATH HY ALLAH achy leader DY jo m BIN qasim ki nasal sy HO,achy,URD
INSHAALLAH ALLAH APKY SATH HY ALLAH achy leader DY jo m BIN qasim ki nasal sy HO,leader,ENG
INSHAALLAH ALLAH APKY SATH HY ALLAH achy leader DY jo m BIN qasim ki nasal sy HO,DY,URD
INSHAALLAH ALLAH APKY SATH HY ALLAH achy leader DY jo m BIN qasim ki nasal sy HO,jo,URD
INSHAALLAH ALLAH APKY SATH HY ALLAH achy leader DY jo m BIN qasim ki nasal sy HO,m,URD
INSHAALLAH ALLAH APKY SATH HY ALLAH achy leader DY jo m BIN qasim ki nasal sy HO,BIN,ENG
INSHAALLAH ALLAH APKY SATH HY ALLAH achy leader DY jo m BIN qasim ki nasal sy HO,qasim,URD
INSHAALLAH ALLAH APKY SATH HY ALLAH achy leader DY jo m BIN qasim ki nasal sy HO,ki,URD
INSHAALLAH ALLAH APKY SATH HY ALLAH achy leader DY jo m BIN qasim ki nasal sy HO,nasal,URD
INSHAALLAH ALLAH APKY SATH HY ALLAH achy leader DY jo m BIN qasim ki nasal sy HO,sy,URD
INSHAALLAH ALLAH APKY SATH HY ALLAH achy leader DY jo m BIN qasim ki nasal sy HO,HO,URD
PTI VS PMLN Aunty ka aakri point check kro,PTI,URD
PTI VS PMLN Aunty ka aakri point check kro,VS,ENG
PTI VS PMLN Aunty ka aakri point check kro,PMLN,URD
PTI VS PMLN Aunty ka aakri point check kro,Aunty,URD
PTI VS PMLN Aunty ka aakri point check kro,ka,URD
PTI VS PMLN Aunty ka aakri point check kro,aakri,URD
PTI VS PMLN Aunty ka aakri point check kro,point,ENG
PTI VS PMLN Aunty ka aakri point check kro,check,ENG
PTI VS PMLN Aunty ka aakri point check kro,kro,URD
Bhai to zinda bhi army ki wajah se hai Jo aaj Facebook PE use kar raha hai na,Bhai,URD
Bhai to zinda bhi army ki wajah se hai Jo aaj Facebook PE use kar raha hai na,to,ENG
Bhai to zinda bhi army ki wajah se hai Jo aaj Facebook PE use kar raha hai na,zinda,URD
Bhai to zinda bhi army ki wajah se hai Jo aaj Facebook PE use kar raha hai na,bhi,URD
Bhai to zinda bhi army ki wajah se hai Jo aaj Facebook PE use kar raha hai na,army,ENG
Bhai to zinda bhi army ki wajah se hai Jo aaj Facebook PE use kar raha hai na,ki,URD
Bhai to zinda bhi army ki wajah se hai Jo aaj Facebook PE use kar raha hai na,wajah,URD
Bhai to zinda bhi army ki wajah se hai Jo aaj Facebook PE use kar raha hai na,se,URD
Bhai to zinda bhi army ki wajah se hai Jo aaj Facebook PE use kar raha hai na,hai,URD
Bhai to zinda bhi army ki wajah se hai Jo aaj Facebook PE use kar raha hai na,Jo,URD
Bhai to zinda bhi army ki wajah se hai Jo aaj Facebook PE use kar raha hai na,aaj,URD
Bhai to zinda bhi army ki wajah se hai Jo aaj Facebook PE use kar raha hai na,Facebook,URD
Bhai to zinda bhi army ki wajah se hai Jo aaj Facebook PE use kar raha hai na,PE,URD
Bhai to zinda bhi army ki wajah se hai Jo aaj Facebook PE use kar raha hai na,use,ENG
Bhai to zinda bhi army ki wajah se hai Jo aaj Facebook PE use kar raha hai na,kar,URD
Bhai to zinda bhi army ki wajah se hai Jo aaj Facebook PE use kar raha hai na,raha,URD
Bhai to zinda bhi army ki wajah se hai Jo aaj Facebook PE use kar raha hai na,hai,URD
Bhai to zinda bhi army ki wajah se hai Jo aaj Facebook PE use kar raha hai na,na,URD
Lannat beshamarGo Qamar Bajwa goGo cheap justice goGo niazi go,Lannat,URD
Lannat beshamarGo Qamar Bajwa goGo cheap justice goGo niazi go,beshamarGo,URD
Lannat beshamarGo Qamar Bajwa goGo cheap justice goGo niazi go,Qamar,URD
Lannat beshamarGo Qamar Bajwa goGo cheap justice goGo niazi go,Bajwa,URD
Lannat beshamarGo Qamar Bajwa goGo cheap justice goGo niazi go,goGo,URD
Lannat beshamarGo Qamar Bajwa goGo cheap justice goGo niazi go,cheap,ENG
Lannat beshamarGo Qamar Bajwa goGo cheap justice goGo niazi go,justice,ENG
Lannat beshamarGo Qamar Bajwa goGo cheap justice goGo niazi go,goGo,URD
Lannat beshamarGo Qamar Bajwa goGo cheap justice goGo niazi go,niazi,URD
Lannat beshamarGo Qamar Bajwa goGo cheap justice goGo niazi go,go,ENG
last one Paisa bohat ha Bohoot bohoot sara,last,ENG
last one Paisa bohat ha Bohoot bohoot sara,one,ENG
last one Paisa bohat ha Bohoot bohoot sara,Paisa,URD
last one Paisa bohat ha Bohoot bohoot sara,bohat,URD
last one Paisa bohat ha Bohoot bohoot sara,ha,ENG
last one Paisa bohat ha Bohoot bohoot sara,Bohoot,URD
last one Paisa bohat ha Bohoot bohoot sara,bohoot,URD
last one Paisa bohat ha Bohoot bohoot sara,sara,ENG
Alhamdulilah se yaad hain copy paste nahi karne partey,Alhamdulilah,URD
Alhamdulilah se yaad hain copy paste nahi karne partey,se,URD
Alhamdulilah se yaad hain copy paste nahi karne partey,yaad,URD
Alhamdulilah se yaad hain copy paste nahi karne partey,hain,URD
Alhamdulilah se yaad hain copy paste nahi karne partey,copy,ENG
Alhamdulilah se yaad hain copy paste nahi karne partey,paste,ENG
Alhamdulilah se yaad hain copy paste nahi karne partey,nahi,URD
Alhamdulilah se yaad hain copy paste nahi karne partey,karne,URD
Alhamdulilah se yaad hain copy paste nahi karne partey,partey,URD
Ya Allah tu to sub janta hai mujay eman Kay sat sayhat or afiyat ata farma Aameen,Ya,URD
Ya Allah tu to sub janta hai mujay eman Kay sat sayhat or afiyat ata farma Aameen,Allah,URD
Ya Allah tu to sub janta hai mujay eman Kay sat sayhat or afiyat ata farma Aameen,tu,URD
Ya Allah tu to sub janta hai mujay eman Kay sat sayhat or afiyat ata farma Aameen,to,ENG
Ya Allah tu to sub janta hai mujay eman Kay sat sayhat or afiyat ata farma Aameen,sub,URD
Ya Allah tu to sub janta hai mujay eman Kay sat sayhat or afiyat ata farma Aameen,janta,URD
Ya Allah tu to sub janta hai mujay eman Kay sat sayhat or afiyat ata farma Aameen,hai,URD
Ya Allah tu to sub janta hai mujay eman Kay sat sayhat or afiyat ata farma Aameen,mujay,URD
Ya Allah tu to sub janta hai mujay eman Kay sat sayhat or afiyat ata farma Aameen,eman,URD
Ya Allah tu to sub janta hai mujay eman Kay sat sayhat or afiyat ata farma Aameen,Kay,ENG
Ya Allah tu to sub janta hai mujay eman Kay sat sayhat or afiyat ata farma Aameen,sat,ENG
Ya Allah tu to sub janta hai mujay eman Kay sat sayhat or afiyat ata farma Aameen,sayhat,URD
Ya Allah tu to sub janta hai mujay eman Kay sat sayhat or afiyat ata farma Aameen,or,ENG
Ya Allah tu to sub janta hai mujay eman Kay sat sayhat or afiyat ata farma Aameen,afiyat,URD
Ya Allah tu to sub janta hai mujay eman Kay sat sayhat or afiyat ata farma Aameen,ata,ENG
Ya Allah tu to sub janta hai mujay eman Kay sat sayhat or afiyat ata farma Aameen,farma,URD
Ya Allah tu to sub janta hai mujay eman Kay sat sayhat or afiyat ata farma Aameen,Aameen,URD
oyeee haan kurta phar k or wo wala b barsaat k mausam mai wo daru wali line,oyeee,URD
oyeee haan kurta phar k or wo wala b barsaat k mausam mai wo daru wali line,haan,URD
oyeee haan kurta phar k or wo wala b barsaat k mausam mai wo daru wali line,kurta,URD
oyeee haan kurta phar k or wo wala b barsaat k mausam mai wo daru wali line,phar,URD
oyeee haan kurta phar k or wo wala b barsaat k mausam mai wo daru wali line,k,URD
oyeee haan kurta phar k or wo wala b barsaat k mausam mai wo daru wali line,or,ENG
oyeee haan kurta phar k or wo wala b barsaat k mausam mai wo daru wali line,wo,URD
oyeee haan kurta phar k or wo wala b barsaat k mausam mai wo daru wali line,wala,URD
oyeee haan kurta phar k or wo wala b barsaat k mausam mai wo daru wali line,b,URD
oyeee haan kurta phar k or wo wala b barsaat k mausam mai wo daru wali line,barsaat,URD
oyeee haan kurta phar k or wo wala b barsaat k mausam mai wo daru wali line,k,URD
oyeee haan kurta phar k or wo wala b barsaat k mausam mai wo daru wali line,mausam,URD
oyeee haan kurta phar k or wo wala b barsaat k mausam mai wo daru wali line,mai,URD
oyeee haan kurta phar k or wo wala b barsaat k mausam mai wo daru wali line,wo,URD
oyeee haan kurta phar k or wo wala b barsaat k mausam mai wo daru wali line,daru,URD
oyeee haan kurta phar k or wo wala b barsaat k mausam mai wo daru wali line,wali,URD
oyeee haan kurta phar k or wo wala b barsaat k mausam mai wo daru wali line,line,ENG
To log dewanawaar apni mohabbatein aur aqeedatein nichawar karte the,To,ENG
To log dewanawaar apni mohabbatein aur aqeedatein nichawar karte the,log,URD
To log dewanawaar apni mohabbatein aur aqeedatein nichawar karte the,dewanawaar,URD
To log dewanawaar apni mohabbatein aur aqeedatein nichawar karte the,apni,URD
To log dewanawaar apni mohabbatein aur aqeedatein nichawar karte the,mohabbatein,URD
To log dewanawaar apni mohabbatein aur aqeedatein nichawar karte the,aur,URD
To log dewanawaar apni mohabbatein aur aqeedatein nichawar karte the,aqeedatein,URD
To log dewanawaar apni mohabbatein aur aqeedatein nichawar karte the,nichawar,URD
To log dewanawaar apni mohabbatein aur aqeedatein nichawar karte the,karte,URD
To log dewanawaar apni mohabbatein aur aqeedatein nichawar karte the,the,ENG
Wahan sirf tape aur kuch circuit k cheethray milay,Wahan,URD
Wahan sirf tape aur kuch circuit k cheethray milay,sirf,URD
Wahan sirf tape aur kuch circuit k cheethray milay,tape,ENG
Wahan sirf tape aur kuch circuit k cheethray milay,aur,URD
Wahan sirf tape aur kuch circuit k cheethray milay,kuch,URD
Wahan sirf tape aur kuch circuit k cheethray milay,circuit,ENG
Wahan sirf tape aur kuch circuit k cheethray milay,k,URD
Wahan sirf tape aur kuch circuit k cheethray milay,cheethray,URD
Wahan sirf tape aur kuch circuit k cheethray milay,milay,URD
Azad Umeedwar Sameer Qureshi Symbol Hanger Ko Vote De Ker Khidmat Ka Mauqa Dein,Azad,URD
Azad Umeedwar Sameer Qureshi Symbol Hanger Ko Vote De Ker Khidmat Ka Mauqa Dein,Umeedwar,URD
Azad Umeedwar Sameer Qureshi Symbol Hanger Ko Vote De Ker Khidmat Ka Mauqa Dein,Sameer,URD
Azad Umeedwar Sameer Qureshi Symbol Hanger Ko Vote De Ker Khidmat Ka Mauqa Dein,Qureshi,URD
Azad Umeedwar Sameer Qureshi Symbol Hanger Ko Vote De Ker Khidmat Ka Mauqa Dein,Symbol,ENG
Azad Umeedwar Sameer Qureshi Symbol Hanger Ko Vote De Ker Khidmat Ka Mauqa Dein,Hanger,URD
Azad Umeedwar Sameer Qureshi Symbol Hanger Ko Vote De Ker Khidmat Ka Mauqa Dein,Ko,URD
Azad Umeedwar Sameer Qureshi Symbol Hanger Ko Vote De Ker Khidmat Ka Mauqa Dein,Vote,ENG
Azad Umeedwar Sameer Qureshi Symbol Hanger Ko Vote De Ker Khidmat Ka Mauqa Dein,De,URD
Azad Umeedwar Sameer Qureshi Symbol Hanger Ko Vote De Ker Khidmat Ka Mauqa Dein,Ker,URD
Azad Umeedwar Sameer Qureshi Symbol Hanger Ko Vote De Ker Khidmat Ka Mauqa Dein,Khidmat,URD
Azad Umeedwar Sameer Qureshi Symbol Hanger Ko Vote De Ker Khidmat Ka Mauqa Dein,Ka,URD
Azad Umeedwar Sameer Qureshi Symbol Hanger Ko Vote De Ker Khidmat Ka Mauqa Dein,Mauqa,URD
Azad Umeedwar Sameer Qureshi Symbol Hanger Ko Vote De Ker Khidmat Ka Mauqa Dein,Dein,URD
Darr mat Yeh mra style hy,Darr,URD
Darr mat Yeh mra style hy,mat,ENG
Darr mat Yeh mra style hy,Yeh,URD
Darr mat Yeh mra style hy,mra,URD
Darr mat Yeh mra style hy,style,ENG
Darr mat Yeh mra style hy,hy,URD
Canada Me Adalat Nay Musalman Khawateen K Naqab Laganay Par Pabandi Laga Di,Canada,ENG
Canada Me Adalat Nay Musalman Khawateen K Naqab Laganay Par Pabandi Laga Di,Me,ENG
Canada Me Adalat Nay Musalman Khawateen K Naqab Laganay Par Pabandi Laga Di,Adalat,URD
Canada Me Adalat Nay Musalman Khawateen K Naqab Laganay Par Pabandi Laga Di,Nay,URD
Canada Me Adalat Nay Musalman Khawateen K Naqab Laganay Par Pabandi Laga Di,Musalman,URD
Canada Me Adalat Nay Musalman Khawateen K Naqab Laganay Par Pabandi Laga Di,Khawateen,URD
Canada Me Adalat Nay Musalman Khawateen K Naqab Laganay Par Pabandi Laga Di,K,URD
Canada Me Adalat Nay Musalman Khawateen K Naqab Laganay Par Pabandi Laga Di,Naqab,URD
Canada Me Adalat Nay Musalman Khawateen K Naqab Laganay Par Pabandi Laga Di,Laganay,URD
Canada Me Adalat Nay Musalman Khawateen K Naqab Laganay Par Pabandi Laga Di,Par,URD
Canada Me Adalat Nay Musalman Khawateen K Naqab Laganay Par Pabandi Laga Di,Pabandi,URD
Canada Me Adalat Nay Musalman Khawateen K Naqab Laganay Par Pabandi Laga Di,Laga,URD
Canada Me Adalat Nay Musalman Khawateen K Naqab Laganay Par Pabandi Laga Di,Di,ENG
G ak kaam hai ap se sir,G,ENG
G ak kaam hai ap se sir,ak,ENG
G ak kaam hai ap se sir,kaam,URD
G ak kaam hai ap se sir,hai,URD
G ak kaam hai ap se sir,ap,URD
G ak kaam hai ap se sir,se,URD
G ak kaam hai ap se sir,sir,ENG
Uska is post se koi taluq ni he zndq,Uska,URD
Uska is post se koi taluq ni he zndq,is,URD
Uska is post se koi taluq ni he zndq,post,ENG
Uska is post se koi taluq ni he zndq,se,URD
Uska is post se koi taluq ni he zndq,koi,URD
Uska is post se koi taluq ni he zndq,taluq,URD
Uska is post se koi taluq ni he zndq,ni,URD
Uska is post se koi taluq ni he zndq,he,ENG
Uska is post se koi taluq ni he zndq,zndq,URD
Ji yeh ek achi insan he Gareebu ki hamderdi rekhti he aur seb logu se pyar kerti he,Ji,URD
Ji yeh ek achi insan he Gareebu ki hamderdi rekhti he aur seb logu se pyar kerti he,yeh,URD
Ji yeh ek achi insan he Gareebu ki hamderdi rekhti he aur seb logu se pyar kerti he,ek,URD
Ji yeh ek achi insan he Gareebu ki hamderdi rekhti he aur seb logu se pyar kerti he,achi,URD
Ji yeh ek achi insan he Gareebu ki hamderdi rekhti he aur seb logu se pyar kerti he,insan,URD
Ji yeh ek achi insan he Gareebu ki hamderdi rekhti he aur seb logu se pyar kerti he,he,ENG
Ji yeh ek achi insan he Gareebu ki hamderdi rekhti he aur seb logu se pyar kerti he,Gareebu,URD
Ji yeh ek achi insan he Gareebu ki hamderdi rekhti he aur seb logu se pyar kerti he,ki,URD
Ji yeh ek achi insan he Gareebu ki hamderdi rekhti he aur seb logu se pyar kerti he,hamderdi,URD
Ji yeh ek achi insan he Gareebu ki hamderdi rekhti he aur seb logu se pyar kerti he,rekhti,URD
Ji yeh ek achi insan he Gareebu ki hamderdi rekhti he aur seb logu se pyar kerti he,he,ENG
Ji yeh ek achi insan he Gareebu ki hamderdi rekhti he aur seb logu se pyar kerti he,aur,URD
Ji yeh ek achi insan he Gareebu ki hamderdi rekhti he aur seb logu se pyar kerti he,seb,URD
Ji yeh ek achi insan he Gareebu ki hamderdi rekhti he aur seb logu se pyar kerti he,logu,URD
Ji yeh ek achi insan he Gareebu ki hamderdi rekhti he aur seb logu se pyar kerti he,se,URD
Ji yeh ek achi insan he Gareebu ki hamderdi rekhti he aur seb logu se pyar kerti he,pyar,URD
Ji yeh ek achi insan he Gareebu ki hamderdi rekhti he aur seb logu se pyar kerti he,kerti,URD
Ji yeh ek achi insan he Gareebu ki hamderdi rekhti he aur seb logu se pyar kerti he,he,ENG
BHAI G TUSEE BHUNDI KERNA NAY LIKHI O JAIZ AY,BHAI,URD
BHAI G TUSEE BHUNDI KERNA NAY LIKHI O JAIZ AY,G,ENG
BHAI G TUSEE BHUNDI KERNA NAY LIKHI O JAIZ AY,TUSEE,URD
BHAI G TUSEE BHUNDI KERNA NAY LIKHI O JAIZ AY,BHUNDI,URD
BHAI G TUSEE BHUNDI KERNA NAY LIKHI O JAIZ AY,KERNA,URD
BHAI G TUSEE BHUNDI KERNA NAY LIKHI O JAIZ AY,NAY,URD
BHAI G TUSEE BHUNDI KERNA NAY LIKHI O JAIZ AY,LIKHI,URD
BHAI G TUSEE BHUNDI KERNA NAY LIKHI O JAIZ AY,O,ENG
BHAI G TUSEE BHUNDI KERNA NAY LIKHI O JAIZ AY,JAIZ,URD
BHAI G TUSEE BHUNDI KERNA NAY LIKHI O JAIZ AY,AY,URD
salam dear bht he acha phon hy muje kal he rcvd hua hy thenk u daraz,salam,URD
salam dear bht he acha phon hy muje kal he rcvd hua hy thenk u daraz,dear,ENG
salam dear bht he acha phon hy muje kal he rcvd hua hy thenk u daraz,bht,URD
salam dear bht he acha phon hy muje kal he rcvd hua hy thenk u daraz,he,ENG
salam dear bht he acha phon hy muje kal he rcvd hua hy thenk u daraz,acha,URD
salam dear bht he acha phon hy muje kal he rcvd hua hy thenk u daraz,phon,URD
salam dear bht he acha phon hy muje kal he rcvd hua hy thenk u daraz,hy,URD
salam dear bht he acha phon hy muje kal he rcvd hua hy thenk u daraz,muje,URD
salam dear bht he acha phon hy muje kal he rcvd hua hy thenk u daraz,kal,URD
salam dear bht he acha phon hy muje kal he rcvd hua hy thenk u daraz,he,ENG
salam dear bht he acha phon hy muje kal he rcvd hua hy thenk u daraz,rcvd,URD
salam dear bht he acha phon hy muje kal he rcvd hua hy thenk u daraz,hua,URD
salam dear bht he acha phon hy muje kal he rcvd hua hy thenk u daraz,hy,URD
salam dear bht he acha phon hy muje kal he rcvd hua hy thenk u daraz,thenk,URD
salam dear bht he acha phon hy muje kal he rcvd hua hy thenk u daraz,u,ENG
salam dear bht he acha phon hy muje kal he rcvd hua hy thenk u daraz,daraz,URD
m bilkul hosh m hun p D,m,URD
m bilkul hosh m hun p D,bilkul,URD
m bilkul hosh m hun p D,hosh,URD
m bilkul hosh m hun p D,m,URD
m bilkul hosh m hun p D,hun,URD
m bilkul hosh m hun p D,p,ENG
m bilkul hosh m hun p D,D,ENG
Kharche km kr lo P ya phr Kamiyab orat bnO P P D D,Kharche,URD
Kharche km kr lo P ya phr Kamiyab orat bnO P P D D,km,ENG
Kharche km kr lo P ya phr Kamiyab orat bnO P P D D,kr,URD
Kharche km kr lo P ya phr Kamiyab orat bnO P P D D,lo,URD
Kharche km kr lo P ya phr Kamiyab orat bnO P P D D,P,ENG
Kharche km kr lo P ya phr Kamiyab orat bnO P P D D,ya,URD
Kharche km kr lo P ya phr Kamiyab orat bnO P P D D,phr,URD
Kharche km kr lo P ya phr Kamiyab orat bnO P P D D,Kamiyab,URD
Kharche km kr lo P ya phr Kamiyab orat bnO P P D D,orat,URD
Kharche km kr lo P ya phr Kamiyab orat bnO P P D D,bnO,URD
Kharche km kr lo P ya phr Kamiyab orat bnO P P D D,P,ENG
Kharche km kr lo P ya phr Kamiyab orat bnO P P D D,P,ENG
Kharche km kr lo P ya phr Kamiyab orat bnO P P D D,D,ENG
Kharche km kr lo P ya phr Kamiyab orat bnO P P D D,D,ENG
Milna tumhen chahyey tha The real blackmailer awarddd,Milna,URD
Milna tumhen chahyey tha The real blackmailer awarddd,tumhen,URD
Milna tumhen chahyey tha The real blackmailer awarddd,chahyey,URD
Milna tumhen chahyey tha The real blackmailer awarddd,tha,URD
Milna tumhen chahyey tha The real blackmailer awarddd,The,ENG
Milna tumhen chahyey tha The real blackmailer awarddd,real,ENG
Milna tumhen chahyey tha The real blackmailer awarddd,blackmailer,URD
Milna tumhen chahyey tha The real blackmailer awarddd,awarddd,URD
Acha pad h quality achi h aur stiching bhi achi h Thanks,Acha,URD
Acha pad h quality achi h aur stiching bhi achi h Thanks,pad,ENG
Acha pad h quality achi h aur stiching bhi achi h Thanks,h,URD
Acha pad h quality achi h aur stiching bhi achi h Thanks,quality,ENG
Acha pad h quality achi h aur stiching bhi achi h Thanks,achi,URD
Acha pad h quality achi h aur stiching bhi achi h Thanks,h,URD
Acha pad h quality achi h aur stiching bhi achi h Thanks,aur,URD
Acha pad h quality achi h aur stiching bhi achi h Thanks,stiching,URD
Acha pad h quality achi h aur stiching bhi achi h Thanks,bhi,URD
Acha pad h quality achi h aur stiching bhi achi h Thanks,achi,URD
Acha pad h quality achi h aur stiching bhi achi h Thanks,h,URD
Acha pad h quality achi h aur stiching bhi achi h Thanks,Thanks,ENG
Hum ne dresses lanay hai please call karay,Hum,URD
Hum ne dresses lanay hai please call karay,ne,URD
Hum ne dresses lanay hai please call karay,dresses,ENG
Hum ne dresses lanay hai please call karay,lanay,URD
Hum ne dresses lanay hai please call karay,hai,URD
Hum ne dresses lanay hai please call karay,please,ENG
Hum ne dresses lanay hai please call karay,call,ENG
Hum ne dresses lanay hai please call karay,karay,URD
ish song ka intezaar kafi waqt se karraha tha sir,ish,URD
ish song ka intezaar kafi waqt se karraha tha sir,song,ENG
ish song ka intezaar kafi waqt se karraha tha sir,ka,URD
ish song ka intezaar kafi waqt se karraha tha sir,intezaar,URD
ish song ka intezaar kafi waqt se karraha tha sir,kafi,URD
ish song ka intezaar kafi waqt se karraha tha sir,waqt,URD
ish song ka intezaar kafi waqt se karraha tha sir,se,URD
ish song ka intezaar kafi waqt se karraha tha sir,karraha,URD
ish song ka intezaar kafi waqt se karraha tha sir,tha,URD
ish song ka intezaar kafi waqt se karraha tha sir,sir,ENG
Astaffirullah in jese logo pr Allah ka azab kun nai ata,Astaffirullah,URD
Astaffirullah in jese logo pr Allah ka azab kun nai ata,in,URD
Astaffirullah in jese logo pr Allah ka azab kun nai ata,jese,URD
Astaffirullah in jese logo pr Allah ka azab kun nai ata,logo,URD
Astaffirullah in jese logo pr Allah ka azab kun nai ata,pr,ENG
Astaffirullah in jese logo pr Allah ka azab kun nai ata,Allah,URD
Astaffirullah in jese logo pr Allah ka azab kun nai ata,ka,URD
Astaffirullah in jese logo pr Allah ka azab kun nai ata,azab,URD
Astaffirullah in jese logo pr Allah ka azab kun nai ata,kun,URD
Astaffirullah in jese logo pr Allah ka azab kun nai ata,nai,URD
Astaffirullah in jese logo pr Allah ka azab kun nai ata,ata,ENG
Yes islam n hr mazhb ko azadi di ha k wo apne mahol main skoon se rhy,Yes,ENG
Yes islam n hr mazhb ko azadi di ha k wo apne mahol main skoon se rhy,islam,ENG
Yes islam n hr mazhb ko azadi di ha k wo apne mahol main skoon se rhy,n,ENG
Yes islam n hr mazhb ko azadi di ha k wo apne mahol main skoon se rhy,hr,ENG
Yes islam n hr mazhb ko azadi di ha k wo apne mahol main skoon se rhy,mazhb,URD
Yes islam n hr mazhb ko azadi di ha k wo apne mahol main skoon se rhy,ko,URD
Yes islam n hr mazhb ko azadi di ha k wo apne mahol main skoon se rhy,azadi,URD
Yes islam n hr mazhb ko azadi di ha k wo apne mahol main skoon se rhy,di,ENG
Yes islam n hr mazhb ko azadi di ha k wo apne mahol main skoon se rhy,ha,ENG
Yes islam n hr mazhb ko azadi di ha k wo apne mahol main skoon se rhy,k,URD
Yes islam n hr mazhb ko azadi di ha k wo apne mahol main skoon se rhy,wo,URD
Yes islam n hr mazhb ko azadi di ha k wo apne mahol main skoon se rhy,apne,URD
Yes islam n hr mazhb ko azadi di ha k wo apne mahol main skoon se rhy,mahol,URD
Yes islam n hr mazhb ko azadi di ha k wo apne mahol main skoon se rhy,main,URD
Yes islam n hr mazhb ko azadi di ha k wo apne mahol main skoon se rhy,skoon,URD
Yes islam n hr mazhb ko azadi di ha k wo apne mahol main skoon se rhy,se,URD
Yes islam n hr mazhb ko azadi di ha k wo apne mahol main skoon se rhy,rhy,URD
Guitar thora out of tune feel nahin ho raha Ya tuning standard sai different hai,Guitar,ENG
Guitar thora out of tune feel nahin ho raha Ya tuning standard sai different hai,thora,URD
Guitar thora out of tune feel nahin ho raha Ya tuning standard sai different hai,out,ENG
Guitar thora out of tune feel nahin ho raha Ya tuning standard sai different hai,of,ENG
Guitar thora out of tune feel nahin ho raha Ya tuning standard sai different hai,tune,ENG
Guitar thora out of tune feel nahin ho raha Ya tuning standard sai different hai,feel,ENG
Guitar thora out of tune feel nahin ho raha Ya tuning standard sai different hai,nahin,URD
Guitar thora out of tune feel nahin ho raha Ya tuning standard sai different hai,ho,URD
Guitar thora out of tune feel nahin ho raha Ya tuning standard sai different hai,raha,URD
Guitar thora out of tune feel nahin ho raha Ya tuning standard sai different hai,Ya,URD
Guitar thora out of tune feel nahin ho raha Ya tuning standard sai different hai,tuning,ENG
Guitar thora out of tune feel nahin ho raha Ya tuning standard sai different hai,standard,ENG
Guitar thora out of tune feel nahin ho raha Ya tuning standard sai different hai,sai,URD
Guitar thora out of tune feel nahin ho raha Ya tuning standard sai different hai,different,ENG
Guitar thora out of tune feel nahin ho raha Ya tuning standard sai different hai,hai,URD
Aap ke walid Riyaz Uddin Ahmed Calcutta mein mehakma e daak mein mulazim the,Aap,URD
Aap ke walid Riyaz Uddin Ahmed Calcutta mein mehakma e daak mein mulazim the,ke,URD
Aap ke walid Riyaz Uddin Ahmed Calcutta mein mehakma e daak mein mulazim the,walid,URD
Aap ke walid Riyaz Uddin Ahmed Calcutta mein mehakma e daak mein mulazim the,Riyaz,URD
Aap ke walid Riyaz Uddin Ahmed Calcutta mein mehakma e daak mein mulazim the,Uddin,URD
Aap ke walid Riyaz Uddin Ahmed Calcutta mein mehakma e daak mein mulazim the,Ahmed,URD
Aap ke walid Riyaz Uddin Ahmed Calcutta mein mehakma e daak mein mulazim the,Calcutta,URD
Aap ke walid Riyaz Uddin Ahmed Calcutta mein mehakma e daak mein mulazim the,mein,URD
Aap ke walid Riyaz Uddin Ahmed Calcutta mein mehakma e daak mein mulazim the,mehakma,URD
Aap ke walid Riyaz Uddin Ahmed Calcutta mein mehakma e daak mein mulazim the,e,ENG
Aap ke walid Riyaz Uddin Ahmed Calcutta mein mehakma e daak mein mulazim the,daak,URD
Aap ke walid Riyaz Uddin Ahmed Calcutta mein mehakma e daak mein mulazim the,mein,URD
Aap ke walid Riyaz Uddin Ahmed Calcutta mein mehakma e daak mein mulazim the,mulazim,URD
Aap ke walid Riyaz Uddin Ahmed Calcutta mein mehakma e daak mein mulazim the,the,ENG
Election ka zarie ana chaie,Election,ENG
Election ka zarie ana chaie,ka,URD
Election ka zarie ana chaie,zarie,URD
Election ka zarie ana chaie,ana,ENG
Election ka zarie ana chaie,chaie,URD
Pata nae wese aurtoan ko itni shopping ka craze koi hota hai waste of time,Pata,URD
Pata nae wese aurtoan ko itni shopping ka craze koi hota hai waste of time,nae,URD
Pata nae wese aurtoan ko itni shopping ka craze koi hota hai waste of time,wese,URD
Pata nae wese aurtoan ko itni shopping ka craze koi hota hai waste of time,aurtoan,URD
Pata nae wese aurtoan ko itni shopping ka craze koi hota hai waste of time,ko,URD
Pata nae wese aurtoan ko itni shopping ka craze koi hota hai waste of time,itni,URD
Pata nae wese aurtoan ko itni shopping ka craze koi hota hai waste of time,shopping,ENG
Pata nae wese aurtoan ko itni shopping ka craze koi hota hai waste of time,ka,URD
Pata nae wese aurtoan ko itni shopping ka craze koi hota hai waste of time,craze,URD
Pata nae wese aurtoan ko itni shopping ka craze koi hota hai waste of time,koi,URD
Pata nae wese aurtoan ko itni shopping ka craze koi hota hai waste of time,hota,URD
Pata nae wese aurtoan ko itni shopping ka craze koi hota hai waste of time,hai,URD
Pata nae wese aurtoan ko itni shopping ka craze koi hota hai waste of time,waste,ENG
Pata nae wese aurtoan ko itni shopping ka craze koi hota hai waste of time,of,ENG
Pata nae wese aurtoan ko itni shopping ka craze koi hota hai waste of time,time,URD
Ye kiya hu raha he kis kafir ki sazzesh he ye,Ye,URD
Ye kiya hu raha he kis kafir ki sazzesh he ye,kiya,URD
Ye kiya hu raha he kis kafir ki sazzesh he ye,hu,ENG
Ye kiya hu raha he kis kafir ki sazzesh he ye,raha,URD
Ye kiya hu raha he kis kafir ki sazzesh he ye,he,ENG
Ye kiya hu raha he kis kafir ki sazzesh he ye,kis,URD
Ye kiya hu raha he kis kafir ki sazzesh he ye,kafir,URD
Ye kiya hu raha he kis kafir ki sazzesh he ye,ki,URD
Ye kiya hu raha he kis kafir ki sazzesh he ye,sazzesh,URD
Ye kiya hu raha he kis kafir ki sazzesh he ye,he,ENG
Ye kiya hu raha he kis kafir ki sazzesh he ye,ye,URD
Pata nahi kasy parhaya ju paper mi hova he nahi ata tu tha pr paper mi nahi hova,Pata,URD
Pata nahi kasy parhaya ju paper mi hova he nahi ata tu tha pr paper mi nahi hova,nahi,URD
Pata nahi kasy parhaya ju paper mi hova he nahi ata tu tha pr paper mi nahi hova,kasy,URD
Pata nahi kasy parhaya ju paper mi hova he nahi ata tu tha pr paper mi nahi hova,parhaya,URD
Pata nahi kasy parhaya ju paper mi hova he nahi ata tu tha pr paper mi nahi hova,ju,URD
Pata nahi kasy parhaya ju paper mi hova he nahi ata tu tha pr paper mi nahi hova,paper,ENG
Pata nahi kasy parhaya ju paper mi hova he nahi ata tu tha pr paper mi nahi hova,mi,ENG
Pata nahi kasy parhaya ju paper mi hova he nahi ata tu tha pr paper mi nahi hova,hova,URD
Pata nahi kasy parhaya ju paper mi hova he nahi ata tu tha pr paper mi nahi hova,he,ENG
Pata nahi kasy parhaya ju paper mi hova he nahi ata tu tha pr paper mi nahi hova,nahi,URD
Pata nahi kasy parhaya ju paper mi hova he nahi ata tu tha pr paper mi nahi hova,ata,ENG
Pata nahi kasy parhaya ju paper mi hova he nahi ata tu tha pr paper mi nahi hova,tu,URD
Pata nahi kasy parhaya ju paper mi hova he nahi ata tu tha pr paper mi nahi hova,tha,URD
Pata nahi kasy parhaya ju paper mi hova he nahi ata tu tha pr paper mi nahi hova,pr,ENG
Pata nahi kasy parhaya ju paper mi hova he nahi ata tu tha pr paper mi nahi hova,paper,ENG
Pata nahi kasy parhaya ju paper mi hova he nahi ata tu tha pr paper mi nahi hova,mi,ENG
Pata nahi kasy parhaya ju paper mi hova he nahi ata tu tha pr paper mi nahi hova,nahi,URD
Pata nahi kasy parhaya ju paper mi hova he nahi ata tu tha pr paper mi nahi hova,hova,URD
Ussay bata do keh ammaan thori hai Msg for News from lovers,Ussay,URD
Ussay bata do keh ammaan thori hai Msg for News from lovers,bata,URD
Ussay bata do keh ammaan thori hai Msg for News from lovers,do,URD
Ussay bata do keh ammaan thori hai Msg for News from lovers,keh,URD
Ussay bata do keh ammaan thori hai Msg for News from lovers,ammaan,URD
Ussay bata do keh ammaan thori hai Msg for News from lovers,thori,URD
Ussay bata do keh ammaan thori hai Msg for News from lovers,hai,URD
Ussay bata do keh ammaan thori hai Msg for News from lovers,Msg,ENG
Ussay bata do keh ammaan thori hai Msg for News from lovers,for,ENG
Ussay bata do keh ammaan thori hai Msg for News from lovers,News,ENG
Ussay bata do keh ammaan thori hai Msg for News from lovers,from,ENG
Ussay bata do keh ammaan thori hai Msg for News from lovers,lovers,ENG
ici lya to tmy tag kia ha,ici,URD
ici lya to tmy tag kia ha,lya,URD
ici lya to tmy tag kia ha,to,ENG
ici lya to tmy tag kia ha,tmy,URD
ici lya to tmy tag kia ha,tag,ENG
ici lya to tmy tag kia ha,kia,URD
ici lya to tmy tag kia ha,ha,ENG
Karachi Samet Sindh Bhar Me CNG Stations Tuesday Kal Thursday Or Saturday Ko Band Rahen Ge,Karachi,URD
Karachi Samet Sindh Bhar Me CNG Stations Tuesday Kal Thursday Or Saturday Ko Band Rahen Ge,Samet,URD
Karachi Samet Sindh Bhar Me CNG Stations Tuesday Kal Thursday Or Saturday Ko Band Rahen Ge,Sindh,URD
Karachi Samet Sindh Bhar Me CNG Stations Tuesday Kal Thursday Or Saturday Ko Band Rahen Ge,Bhar,URD
Karachi Samet Sindh Bhar Me CNG Stations Tuesday Kal Thursday Or Saturday Ko Band Rahen Ge,Me,ENG
Karachi Samet Sindh Bhar Me CNG Stations Tuesday Kal Thursday Or Saturday Ko Band Rahen Ge,CNG,URD
Karachi Samet Sindh Bhar Me CNG Stations Tuesday Kal Thursday Or Saturday Ko Band Rahen Ge,Stations,ENG
Karachi Samet Sindh Bhar Me CNG Stations Tuesday Kal Thursday Or Saturday Ko Band Rahen Ge,Tuesday,ENG
Karachi Samet Sindh Bhar Me CNG Stations Tuesday Kal Thursday Or Saturday Ko Band Rahen Ge,Kal,URD
Karachi Samet Sindh Bhar Me CNG Stations Tuesday Kal Thursday Or Saturday Ko Band Rahen Ge,Thursday,ENG
Karachi Samet Sindh Bhar Me CNG Stations Tuesday Kal Thursday Or Saturday Ko Band Rahen Ge,Or,ENG
Karachi Samet Sindh Bhar Me CNG Stations Tuesday Kal Thursday Or Saturday Ko Band Rahen Ge,Saturday,ENG
Karachi Samet Sindh Bhar Me CNG Stations Tuesday Kal Thursday Or Saturday Ko Band Rahen Ge,Ko,URD
Karachi Samet Sindh Bhar Me CNG Stations Tuesday Kal Thursday Or Saturday Ko Band Rahen Ge,Band,ENG
Karachi Samet Sindh Bhar Me CNG Stations Tuesday Kal Thursday Or Saturday Ko Band Rahen Ge,Rahen,URD
Karachi Samet Sindh Bhar Me CNG Stations Tuesday Kal Thursday Or Saturday Ko Band Rahen Ge,Ge,ENG
special mili hon bai mein touuu,special,ENG
special mili hon bai mein touuu,mili,URD
special mili hon bai mein touuu,hon,ENG
special mili hon bai mein touuu,bai,URD
special mili hon bai mein touuu,mein,URD
special mili hon bai mein touuu,touuu,URD
Rania page ka name parha hay,Rania,URD
Rania page ka name parha hay,page,ENG
Rania page ka name parha hay,ka,URD
Rania page ka name parha hay,name,ENG
Rania page ka name parha hay,parha,URD
Rania page ka name parha hay,hay,ENG
Agle Britsh open mein aik martaba phir mamoon bhanjey amne samne they,Agle,URD
Agle Britsh open mein aik martaba phir mamoon bhanjey amne samne they,Britsh,URD
Agle Britsh open mein aik martaba phir mamoon bhanjey amne samne they,open,ENG
Agle Britsh open mein aik martaba phir mamoon bhanjey amne samne they,mein,URD
Agle Britsh open mein aik martaba phir mamoon bhanjey amne samne they,aik,URD
Agle Britsh open mein aik martaba phir mamoon bhanjey amne samne they,martaba,URD
Agle Britsh open mein aik martaba phir mamoon bhanjey amne samne they,phir,URD
Agle Britsh open mein aik martaba phir mamoon bhanjey amne samne they,mamoon,URD
Agle Britsh open mein aik martaba phir mamoon bhanjey amne samne they,bhanjey,URD
Agle Britsh open mein aik martaba phir mamoon bhanjey amne samne they,amne,URD
Agle Britsh open mein aik martaba phir mamoon bhanjey amne samne they,samne,URD
Agle Britsh open mein aik martaba phir mamoon bhanjey amne samne they,they,ENG
Tumari shadi phupo k betay Se ho gi next year,Tumari,URD
Tumari shadi phupo k betay Se ho gi next year,shadi,URD
Tumari shadi phupo k betay Se ho gi next year,phupo,URD
Tumari shadi phupo k betay Se ho gi next year,k,URD
Tumari shadi phupo k betay Se ho gi next year,betay,URD
Tumari shadi phupo k betay Se ho gi next year,Se,URD
Tumari shadi phupo k betay Se ho gi next year,ho,URD
Tumari shadi phupo k betay Se ho gi next year,gi,ENG
Tumari shadi phupo k betay Se ho gi next year,next,ENG
Tumari shadi phupo k betay Se ho gi next year,year,ENG
kaha jata hai ke unhon ne Squash mein kayi new shorts ijaad kiye,kaha,URD
kaha jata hai ke unhon ne Squash mein kayi new shorts ijaad kiye,jata,URD
kaha jata hai ke unhon ne Squash mein kayi new shorts ijaad kiye,hai,URD
kaha jata hai ke unhon ne Squash mein kayi new shorts ijaad kiye,ke,URD
kaha jata hai ke unhon ne Squash mein kayi new shorts ijaad kiye,unhon,URD
kaha jata hai ke unhon ne Squash mein kayi new shorts ijaad kiye,ne,URD
kaha jata hai ke unhon ne Squash mein kayi new shorts ijaad kiye,Squash,URD
kaha jata hai ke unhon ne Squash mein kayi new shorts ijaad kiye,mein,URD
kaha jata hai ke unhon ne Squash mein kayi new shorts ijaad kiye,kayi,URD
kaha jata hai ke unhon ne Squash mein kayi new shorts ijaad kiye,new,ENG
kaha jata hai ke unhon ne Squash mein kayi new shorts ijaad kiye,shorts,ENG
kaha jata hai ke unhon ne Squash mein kayi new shorts ijaad kiye,ijaad,URD
kaha jata hai ke unhon ne Squash mein kayi new shorts ijaad kiye,kiye,URD
Tarikh Me First Car Bomb Blast Kis Mulk Me Hua Tha,Tarikh,URD
Tarikh Me First Car Bomb Blast Kis Mulk Me Hua Tha,Me,ENG
Tarikh Me First Car Bomb Blast Kis Mulk Me Hua Tha,First,ENG
Tarikh Me First Car Bomb Blast Kis Mulk Me Hua Tha,Car,ENG
Tarikh Me First Car Bomb Blast Kis Mulk Me Hua Tha,Bomb,ENG
Tarikh Me First Car Bomb Blast Kis Mulk Me Hua Tha,Blast,ENG
Tarikh Me First Car Bomb Blast Kis Mulk Me Hua Tha,Kis,URD
Tarikh Me First Car Bomb Blast Kis Mulk Me Hua Tha,Mulk,URD
Tarikh Me First Car Bomb Blast Kis Mulk Me Hua Tha,Me,ENG
Tarikh Me First Car Bomb Blast Kis Mulk Me Hua Tha,Hua,URD
Tarikh Me First Car Bomb Blast Kis Mulk Me Hua Tha,Tha,URD
anuty too bhut he chlak niklain video bana kar dara daal aur paise bhe bacha liya,anuty,URD
anuty too bhut he chlak niklain video bana kar dara daal aur paise bhe bacha liya,too,ENG
anuty too bhut he chlak niklain video bana kar dara daal aur paise bhe bacha liya,bhut,URD
anuty too bhut he chlak niklain video bana kar dara daal aur paise bhe bacha liya,he,ENG
anuty too bhut he chlak niklain video bana kar dara daal aur paise bhe bacha liya,chlak,URD
anuty too bhut he chlak niklain video bana kar dara daal aur paise bhe bacha liya,niklain,URD
anuty too bhut he chlak niklain video bana kar dara daal aur paise bhe bacha liya,video,ENG
anuty too bhut he chlak niklain video bana kar dara daal aur paise bhe bacha liya,bana,URD
anuty too bhut he chlak niklain video bana kar dara daal aur paise bhe bacha liya,kar,URD
anuty too bhut he chlak niklain video bana kar dara daal aur paise bhe bacha liya,dara,URD
anuty too bhut he chlak niklain video bana kar dara daal aur paise bhe bacha liya,daal,URD
anuty too bhut he chlak niklain video bana kar dara daal aur paise bhe bacha liya,aur,URD
anuty too bhut he chlak niklain video bana kar dara daal aur paise bhe bacha liya,paise,URD
anuty too bhut he chlak niklain video bana kar dara daal aur paise bhe bacha liya,bhe,URD
anuty too bhut he chlak niklain video bana kar dara daal aur paise bhe bacha liya,bacha,URD
anuty too bhut he chlak niklain video bana kar dara daal aur paise bhe bacha liya,liya,URD
Aaj ka dars nahi aya abi tak please can't wait,Aaj,URD
Aaj ka dars nahi aya abi tak please can't wait,ka,URD
Aaj ka dars nahi aya abi tak please can't wait,dars,URD
Aaj ka dars nahi aya abi tak please can't wait,nahi,URD
Aaj ka dars nahi aya abi tak please can't wait,aya,URD
Aaj ka dars nahi aya abi tak please can't wait,abi,URD
Aaj ka dars nahi aya abi tak please can't wait,tak,URD
Aaj ka dars nahi aya abi tak please can't wait,please,ENG
Aaj ka dars nahi aya abi tak please can't wait,can't,URD
Aaj ka dars nahi aya abi tak please can't wait,wait,ENG
Pskistani jawano lagatay raho imran khan k doz aik din number one per aa jAo gay Tabdeeli,Pskistani,URD
Pskistani jawano lagatay raho imran khan k doz aik din number one per aa jAo gay Tabdeeli,jawano,URD
Pskistani jawano lagatay raho imran khan k doz aik din number one per aa jAo gay Tabdeeli,lagatay,URD
Pskistani jawano lagatay raho imran khan k doz aik din number one per aa jAo gay Tabdeeli,raho,URD
Pskistani jawano lagatay raho imran khan k doz aik din number one per aa jAo gay Tabdeeli,imran,URD
Pskistani jawano lagatay raho imran khan k doz aik din number one per aa jAo gay Tabdeeli,khan,URD
Pskistani jawano lagatay raho imran khan k doz aik din number one per aa jAo gay Tabdeeli,k,URD
Pskistani jawano lagatay raho imran khan k doz aik din number one per aa jAo gay Tabdeeli,doz,URD
Pskistani jawano lagatay raho imran khan k doz aik din number one per aa jAo gay Tabdeeli,aik,URD
Pskistani jawano lagatay raho imran khan k doz aik din number one per aa jAo gay Tabdeeli,din,URD
Pskistani jawano lagatay raho imran khan k doz aik din number one per aa jAo gay Tabdeeli,number,ENG
Pskistani jawano lagatay raho imran khan k doz aik din number one per aa jAo gay Tabdeeli,one,ENG
Pskistani jawano lagatay raho imran khan k doz aik din number one per aa jAo gay Tabdeeli,per,URD
Pskistani jawano lagatay raho imran khan k doz aik din number one per aa jAo gay Tabdeeli,aa,URD
Pskistani jawano lagatay raho imran khan k doz aik din number one per aa jAo gay Tabdeeli,jAo,URD
Pskistani jawano lagatay raho imran khan k doz aik din number one per aa jAo gay Tabdeeli,gay,ENG
Pskistani jawano lagatay raho imran khan k doz aik din number one per aa jAo gay Tabdeeli,Tabdeeli,URD
ye lyudr black wali ni ati,ye,URD
ye lyudr black wali ni ati,lyudr,URD
ye lyudr black wali ni ati,black,ENG
ye lyudr black wali ni ati,wali,URD
ye lyudr black wali ni ati,ni,URD
ye lyudr black wali ni ati,ati,ENG
Lanat he lanat he aur lanat he,Lanat,URD
Lanat he lanat he aur lanat he,he,ENG
Lanat he lanat he aur lanat he,lanat,URD
Lanat he lanat he aur lanat he,he,ENG
Lanat he lanat he aur lanat he,aur,URD
Lanat he lanat he aur lanat he,lanat,URD
Lanat he lanat he aur lanat he,he,ENG
Masha Allah Alama sab ko Allah ise Tara khedmatey Islam Ka silsala jari rakhny ki himet ata fermain,Masha,URD
Masha Allah Alama sab ko Allah ise Tara khedmatey Islam Ka silsala jari rakhny ki himet ata fermain,Allah,URD
Masha Allah Alama sab ko Allah ise Tara khedmatey Islam Ka silsala jari rakhny ki himet ata fermain,Alama,URD
Masha Allah Alama sab ko Allah ise Tara khedmatey Islam Ka silsala jari rakhny ki himet ata fermain,sab,URD
Masha Allah Alama sab ko Allah ise Tara khedmatey Islam Ka silsala jari rakhny ki himet ata fermain,ko,URD
Masha Allah Alama sab ko Allah ise Tara khedmatey Islam Ka silsala jari rakhny ki himet ata fermain,Allah,URD
Masha Allah Alama sab ko Allah ise Tara khedmatey Islam Ka silsala jari rakhny ki himet ata fermain,ise,URD
Masha Allah Alama sab ko Allah ise Tara khedmatey Islam Ka silsala jari rakhny ki himet ata fermain,Tara,URD
Masha Allah Alama sab ko Allah ise Tara khedmatey Islam Ka silsala jari rakhny ki himet ata fermain,khedmatey,URD
Masha Allah Alama sab ko Allah ise Tara khedmatey Islam Ka silsala jari rakhny ki himet ata fermain,Islam,ENG
Masha Allah Alama sab ko Allah ise Tara khedmatey Islam Ka silsala jari rakhny ki himet ata fermain,Ka,URD
Masha Allah Alama sab ko Allah ise Tara khedmatey Islam Ka silsala jari rakhny ki himet ata fermain,silsala,URD
Masha Allah Alama sab ko Allah ise Tara khedmatey Islam Ka silsala jari rakhny ki himet ata fermain,jari,URD
Masha Allah Alama sab ko Allah ise Tara khedmatey Islam Ka silsala jari rakhny ki himet ata fermain,rakhny,URD
Masha Allah Alama sab ko Allah ise Tara khedmatey Islam Ka silsala jari rakhny ki himet ata fermain,ki,URD
Masha Allah Alama sab ko Allah ise Tara khedmatey Islam Ka silsala jari rakhny ki himet ata fermain,himet,URD
Masha Allah Alama sab ko Allah ise Tara khedmatey Islam Ka silsala jari rakhny ki himet ata fermain,ata,ENG
Masha Allah Alama sab ko Allah ise Tara khedmatey Islam Ka silsala jari rakhny ki himet ata fermain,fermain,URD
Wo Africa ke mashraqi sahil se le kar malabarh Indonesia aur China tak jate the,Wo,URD
Wo Africa ke mashraqi sahil se le kar malabarh Indonesia aur China tak jate the,Africa,ENG
Wo Africa ke mashraqi sahil se le kar malabarh Indonesia aur China tak jate the,ke,URD
Wo Africa ke mashraqi sahil se le kar malabarh Indonesia aur China tak jate the,mashraqi,URD
Wo Africa ke mashraqi sahil se le kar malabarh Indonesia aur China tak jate the,sahil,URD
Wo Africa ke mashraqi sahil se le kar malabarh Indonesia aur China tak jate the,se,URD
Wo Africa ke mashraqi sahil se le kar malabarh Indonesia aur China tak jate the,le,URD
Wo Africa ke mashraqi sahil se le kar malabarh Indonesia aur China tak jate the,kar,URD
Wo Africa ke mashraqi sahil se le kar malabarh Indonesia aur China tak jate the,malabarh,URD
Wo Africa ke mashraqi sahil se le kar malabarh Indonesia aur China tak jate the,Indonesia,ENG
Wo Africa ke mashraqi sahil se le kar malabarh Indonesia aur China tak jate the,aur,URD
Wo Africa ke mashraqi sahil se le kar malabarh Indonesia aur China tak jate the,China,ENG
Wo Africa ke mashraqi sahil se le kar malabarh Indonesia aur China tak jate the,tak,URD
Wo Africa ke mashraqi sahil se le kar malabarh Indonesia aur China tak jate the,jate,URD
Wo Africa ke mashraqi sahil se le kar malabarh Indonesia aur China tak jate the,the,ENG
Police department bund kr dena chahiye,Police,ENG
Police department bund kr dena chahiye,department,ENG
Police department bund kr dena chahiye,bund,URD
Police department bund kr dena chahiye,kr,URD
Police department bund kr dena chahiye,dena,URD
Police department bund kr dena chahiye,chahiye,URD
Koi Dushman He Madad K Liye Isay Awaz De Sakta Hay,Koi,URD
Koi Dushman He Madad K Liye Isay Awaz De Sakta Hay,Dushman,URD
Koi Dushman He Madad K Liye Isay Awaz De Sakta Hay,He,ENG
Koi Dushman He Madad K Liye Isay Awaz De Sakta Hay,Madad,URD
Koi Dushman He Madad K Liye Isay Awaz De Sakta Hay,K,URD
Koi Dushman He Madad K Liye Isay Awaz De Sakta Hay,Liye,URD
Koi Dushman He Madad K Liye Isay Awaz De Sakta Hay,Isay,URD
Koi Dushman He Madad K Liye Isay Awaz De Sakta Hay,Awaz,URD
Koi Dushman He Madad K Liye Isay Awaz De Sakta Hay,De,URD
Koi Dushman He Madad K Liye Isay Awaz De Sakta Hay,Sakta,URD
Koi Dushman He Madad K Liye Isay Awaz De Sakta Hay,Hay,ENG
Is ke ilawa in ke mureedon ko jo Hur kehlate the Barhi tadad mein phansiyan di gai,Is,URD
Is ke ilawa in ke mureedon ko jo Hur kehlate the Barhi tadad mein phansiyan di gai,ke,URD
Is ke ilawa in ke mureedon ko jo Hur kehlate the Barhi tadad mein phansiyan di gai,ilawa,URD
Is ke ilawa in ke mureedon ko jo Hur kehlate the Barhi tadad mein phansiyan di gai,in,URD
Is ke ilawa in ke mureedon ko jo Hur kehlate the Barhi tadad mein phansiyan di gai,ke,URD
Is ke ilawa in ke mureedon ko jo Hur kehlate the Barhi tadad mein phansiyan di gai,mureedon,URD
Is ke ilawa in ke mureedon ko jo Hur kehlate the Barhi tadad mein phansiyan di gai,ko,URD
Is ke ilawa in ke mureedon ko jo Hur kehlate the Barhi tadad mein phansiyan di gai,jo,URD
Is ke ilawa in ke mureedon ko jo Hur kehlate the Barhi tadad mein phansiyan di gai,Hur,URD
Is ke ilawa in ke mureedon ko jo Hur kehlate the Barhi tadad mein phansiyan di gai,kehlate,URD
Is ke ilawa in ke mureedon ko jo Hur kehlate the Barhi tadad mein phansiyan di gai,the,ENG
Is ke ilawa in ke mureedon ko jo Hur kehlate the Barhi tadad mein phansiyan di gai,Barhi,URD
Is ke ilawa in ke mureedon ko jo Hur kehlate the Barhi tadad mein phansiyan di gai,tadad,URD
Is ke ilawa in ke mureedon ko jo Hur kehlate the Barhi tadad mein phansiyan di gai,mein,URD
Is ke ilawa in ke mureedon ko jo Hur kehlate the Barhi tadad mein phansiyan di gai,phansiyan,URD
Is ke ilawa in ke mureedon ko jo Hur kehlate the Barhi tadad mein phansiyan di gai,di,ENG
Is ke ilawa in ke mureedon ko jo Hur kehlate the Barhi tadad mein phansiyan di gai,gai,URD
smjh to gai ho gi kis ki baat ho rhe yahan D,smjh,URD
smjh to gai ho gi kis ki baat ho rhe yahan D,to,ENG
smjh to gai ho gi kis ki baat ho rhe yahan D,gai,URD
smjh to gai ho gi kis ki baat ho rhe yahan D,ho,URD
smjh to gai ho gi kis ki baat ho rhe yahan D,gi,ENG
smjh to gai ho gi kis ki baat ho rhe yahan D,kis,URD
smjh to gai ho gi kis ki baat ho rhe yahan D,ki,URD
smjh to gai ho gi kis ki baat ho rhe yahan D,baat,URD
smjh to gai ho gi kis ki baat ho rhe yahan D,ho,URD
smjh to gai ho gi kis ki baat ho rhe yahan D,rhe,URD
smjh to gai ho gi kis ki baat ho rhe yahan D,yahan,URD
smjh to gai ho gi kis ki baat ho rhe yahan D,D,ENG
Yar ab bus karu Nawaz Pakistan kay Masail hal nehain kar sakta Nawaz chor or Baigrat hain,Yar,URD
Yar ab bus karu Nawaz Pakistan kay Masail hal nehain kar sakta Nawaz chor or Baigrat hain,ab,URD
Yar ab bus karu Nawaz Pakistan kay Masail hal nehain kar sakta Nawaz chor or Baigrat hain,bus,ENG
Yar ab bus karu Nawaz Pakistan kay Masail hal nehain kar sakta Nawaz chor or Baigrat hain,karu,URD
Yar ab bus karu Nawaz Pakistan kay Masail hal nehain kar sakta Nawaz chor or Baigrat hain,Nawaz,URD
Yar ab bus karu Nawaz Pakistan kay Masail hal nehain kar sakta Nawaz chor or Baigrat hain,Pakistan,ENG
Yar ab bus karu Nawaz Pakistan kay Masail hal nehain kar sakta Nawaz chor or Baigrat hain,kay,ENG
Yar ab bus karu Nawaz Pakistan kay Masail hal nehain kar sakta Nawaz chor or Baigrat hain,Masail,URD
Yar ab bus karu Nawaz Pakistan kay Masail hal nehain kar sakta Nawaz chor or Baigrat hain,hal,URD
Yar ab bus karu Nawaz Pakistan kay Masail hal nehain kar sakta Nawaz chor or Baigrat hain,nehain,URD
Yar ab bus karu Nawaz Pakistan kay Masail hal nehain kar sakta Nawaz chor or Baigrat hain,kar,URD
Yar ab bus karu Nawaz Pakistan kay Masail hal nehain kar sakta Nawaz chor or Baigrat hain,sakta,URD
Yar ab bus karu Nawaz Pakistan kay Masail hal nehain kar sakta Nawaz chor or Baigrat hain,Nawaz,URD
Yar ab bus karu Nawaz Pakistan kay Masail hal nehain kar sakta Nawaz chor or Baigrat hain,chor,URD
Yar ab bus karu Nawaz Pakistan kay Masail hal nehain kar sakta Nawaz chor or Baigrat hain,or,ENG
Yar ab bus karu Nawaz Pakistan kay Masail hal nehain kar sakta Nawaz chor or Baigrat hain,Baigrat,URD
Yar ab bus karu Nawaz Pakistan kay Masail hal nehain kar sakta Nawaz chor or Baigrat hain,hain,URD
sir madan k lye ha ye to,sir,ENG
sir madan k lye ha ye to,madan,URD
sir madan k lye ha ye to,k,URD
sir madan k lye ha ye to,lye,URD
sir madan k lye ha ye to,ha,ENG
sir madan k lye ha ye to,ye,URD
sir madan k lye ha ye to,to,ENG
yr tym ha abi tb tk enjoy kr lo,yr,URD
yr tym ha abi tb tk enjoy kr lo,tym,URD
yr tym ha abi tb tk enjoy kr lo,ha,ENG
yr tym ha abi tb tk enjoy kr lo,abi,URD
yr tym ha abi tb tk enjoy kr lo,tb,ENG
yr tym ha abi tb tk enjoy kr lo,tk,URD
yr tym ha abi tb tk enjoy kr lo,enjoy,ENG
yr tym ha abi tb tk enjoy kr lo,kr,URD
yr tym ha abi tb tk enjoy kr lo,lo,URD
tu ta dogar naal a,tu,URD
tu ta dogar naal a,ta,ENG
tu ta dogar naal a,dogar,URD
tu ta dogar naal a,naal,URD
tu ta dogar naal a,a,ENG
Yeh Urdu Muslim Song Kithna acha hai Pls Share,Yeh,URD
Yeh Urdu Muslim Song Kithna acha hai Pls Share,Urdu,URD
Yeh Urdu Muslim Song Kithna acha hai Pls Share,Muslim,ENG
Yeh Urdu Muslim Song Kithna acha hai Pls Share,Song,ENG
Yeh Urdu Muslim Song Kithna acha hai Pls Share,Kithna,URD
Yeh Urdu Muslim Song Kithna acha hai Pls Share,acha,URD
Yeh Urdu Muslim Song Kithna acha hai Pls Share,hai,URD
Yeh Urdu Muslim Song Kithna acha hai Pls Share,Pls,URD
Yeh Urdu Muslim Song Kithna acha hai Pls Share,Share,ENG
plz iqrar bhai kbhe koe to sundh ky gao me bhe aai dekhe kya halt h awam k,plz,URD
plz iqrar bhai kbhe koe to sundh ky gao me bhe aai dekhe kya halt h awam k,iqrar,URD
plz iqrar bhai kbhe koe to sundh ky gao me bhe aai dekhe kya halt h awam k,bhai,URD
plz iqrar bhai kbhe koe to sundh ky gao me bhe aai dekhe kya halt h awam k,kbhe,URD
plz iqrar bhai kbhe koe to sundh ky gao me bhe aai dekhe kya halt h awam k,koe,URD
plz iqrar bhai kbhe koe to sundh ky gao me bhe aai dekhe kya halt h awam k,to,ENG
plz iqrar bhai kbhe koe to sundh ky gao me bhe aai dekhe kya halt h awam k,sundh,URD
plz iqrar bhai kbhe koe to sundh ky gao me bhe aai dekhe kya halt h awam k,ky,ENG
plz iqrar bhai kbhe koe to sundh ky gao me bhe aai dekhe kya halt h awam k,gao,URD
plz iqrar bhai kbhe koe to sundh ky gao me bhe aai dekhe kya halt h awam k,me,ENG
plz iqrar bhai kbhe koe to sundh ky gao me bhe aai dekhe kya halt h awam k,bhe,URD
plz iqrar bhai kbhe koe to sundh ky gao me bhe aai dekhe kya halt h awam k,aai,URD
plz iqrar bhai kbhe koe to sundh ky gao me bhe aai dekhe kya halt h awam k,dekhe,URD
plz iqrar bhai kbhe koe to sundh ky gao me bhe aai dekhe kya halt h awam k,kya,URD
plz iqrar bhai kbhe koe to sundh ky gao me bhe aai dekhe kya halt h awam k,halt,URD
plz iqrar bhai kbhe koe to sundh ky gao me bhe aai dekhe kya halt h awam k,h,URD
plz iqrar bhai kbhe koe to sundh ky gao me bhe aai dekhe kya halt h awam k,awam,URD
plz iqrar bhai kbhe koe to sundh ky gao me bhe aai dekhe kya halt h awam k,k,URD
Hazaro dilo ko Rah e Haq p lany waly,Hazaro,URD
Hazaro dilo ko Rah e Haq p lany waly,dilo,URD
Hazaro dilo ko Rah e Haq p lany waly,ko,URD
Hazaro dilo ko Rah e Haq p lany waly,Rah,URD
Hazaro dilo ko Rah e Haq p lany waly,e,ENG
Hazaro dilo ko Rah e Haq p lany waly,Haq,URD
Hazaro dilo ko Rah e Haq p lany waly,p,ENG
Hazaro dilo ko Rah e Haq p lany waly,lany,URD
Hazaro dilo ko Rah e Haq p lany waly,waly,URD
Miss to Main bi kr rhi honButMain HIJAB vali alif ko Miss kr rhi hon,Miss,ENG
Miss to Main bi kr rhi honButMain HIJAB vali alif ko Miss kr rhi hon,to,ENG
Miss to Main bi kr rhi honButMain HIJAB vali alif ko Miss kr rhi hon,Main,URD
Miss to Main bi kr rhi honButMain HIJAB vali alif ko Miss kr rhi hon,bi,ENG
Miss to Main bi kr rhi honButMain HIJAB vali alif ko Miss kr rhi hon,kr,URD
Miss to Main bi kr rhi honButMain HIJAB vali alif ko Miss kr rhi hon,rhi,URD
Miss to Main bi kr rhi honButMain HIJAB vali alif ko Miss kr rhi hon,honButMain,URD
Miss to Main bi kr rhi honButMain HIJAB vali alif ko Miss kr rhi hon,HIJAB,URD
Miss to Main bi kr rhi honButMain HIJAB vali alif ko Miss kr rhi hon,vali,URD
Miss to Main bi kr rhi honButMain HIJAB vali alif ko Miss kr rhi hon,alif,URD
Miss to Main bi kr rhi honButMain HIJAB vali alif ko Miss kr rhi hon,ko,URD
Miss to Main bi kr rhi honButMain HIJAB vali alif ko Miss kr rhi hon,Miss,ENG
Miss to Main bi kr rhi honButMain HIJAB vali alif ko Miss kr rhi hon,kr,URD
Miss to Main bi kr rhi honButMain HIJAB vali alif ko Miss kr rhi hon,rhi,URD
Miss to Main bi kr rhi honButMain HIJAB vali alif ko Miss kr rhi hon,hon,ENG
Pir tum kunarai he raho gi,Pir,URD
Pir tum kunarai he raho gi,tum,URD
Pir tum kunarai he raho gi,kunarai,URD
Pir tum kunarai he raho gi,he,ENG
Pir tum kunarai he raho gi,raho,URD
Pir tum kunarai he raho gi,gi,ENG
Iqrar bhai plzz allah ka wasta h help me me mosibat me hu boht plz,Iqrar,URD
Iqrar bhai plzz allah ka wasta h help me me mosibat me hu boht plz,bhai,URD
Iqrar bhai plzz allah ka wasta h help me me mosibat me hu boht plz,plzz,URD
Iqrar bhai plzz allah ka wasta h help me me mosibat me hu boht plz,allah,URD
Iqrar bhai plzz allah ka wasta h help me me mosibat me hu boht plz,ka,URD
Iqrar bhai plzz allah ka wasta h help me me mosibat me hu boht plz,wasta,URD
Iqrar bhai plzz allah ka wasta h help me me mosibat me hu boht plz,h,URD
Iqrar bhai plzz allah ka wasta h help me me mosibat me hu boht plz,help,ENG
Iqrar bhai plzz allah ka wasta h help me me mosibat me hu boht plz,me,ENG
Iqrar bhai plzz allah ka wasta h help me me mosibat me hu boht plz,me,ENG
Iqrar bhai plzz allah ka wasta h help me me mosibat me hu boht plz,mosibat,URD
Iqrar bhai plzz allah ka wasta h help me me mosibat me hu boht plz,me,ENG
Iqrar bhai plzz allah ka wasta h help me me mosibat me hu boht plz,hu,ENG
Iqrar bhai plzz allah ka wasta h help me me mosibat me hu boht plz,boht,URD
Iqrar bhai plzz allah ka wasta h help me me mosibat me hu boht plz,plz,URD
Wazir e Azam Ne Party Rehnumaun Ko Captan K Zati Mamlay Pr Bayan Bazi Sy Rok Diya,Wazir,URD
Wazir e Azam Ne Party Rehnumaun Ko Captan K Zati Mamlay Pr Bayan Bazi Sy Rok Diya,e,ENG
Wazir e Azam Ne Party Rehnumaun Ko Captan K Zati Mamlay Pr Bayan Bazi Sy Rok Diya,Azam,URD
Wazir e Azam Ne Party Rehnumaun Ko Captan K Zati Mamlay Pr Bayan Bazi Sy Rok Diya,Ne,URD
Wazir e Azam Ne Party Rehnumaun Ko Captan K Zati Mamlay Pr Bayan Bazi Sy Rok Diya,Party,ENG
Wazir e Azam Ne Party Rehnumaun Ko Captan K Zati Mamlay Pr Bayan Bazi Sy Rok Diya,Rehnumaun,URD
Wazir e Azam Ne Party Rehnumaun Ko Captan K Zati Mamlay Pr Bayan Bazi Sy Rok Diya,Ko,URD
Wazir e Azam Ne Party Rehnumaun Ko Captan K Zati Mamlay Pr Bayan Bazi Sy Rok Diya,Captan,URD
Wazir e Azam Ne Party Rehnumaun Ko Captan K Zati Mamlay Pr Bayan Bazi Sy Rok Diya,K,URD
Wazir e Azam Ne Party Rehnumaun Ko Captan K Zati Mamlay Pr Bayan Bazi Sy Rok Diya,Zati,URD
Wazir e Azam Ne Party Rehnumaun Ko Captan K Zati Mamlay Pr Bayan Bazi Sy Rok Diya,Mamlay,URD
Wazir e Azam Ne Party Rehnumaun Ko Captan K Zati Mamlay Pr Bayan Bazi Sy Rok Diya,Pr,ENG
Wazir e Azam Ne Party Rehnumaun Ko Captan K Zati Mamlay Pr Bayan Bazi Sy Rok Diya,Bayan,URD
Wazir e Azam Ne Party Rehnumaun Ko Captan K Zati Mamlay Pr Bayan Bazi Sy Rok Diya,Bazi,URD
Wazir e Azam Ne Party Rehnumaun Ko Captan K Zati Mamlay Pr Bayan Bazi Sy Rok Diya,Sy,URD
Wazir e Azam Ne Party Rehnumaun Ko Captan K Zati Mamlay Pr Bayan Bazi Sy Rok Diya,Rok,URD
Wazir e Azam Ne Party Rehnumaun Ko Captan K Zati Mamlay Pr Bayan Bazi Sy Rok Diya,Diya,URD
dry skin pr b use kr skty hen,dry,ENG
dry skin pr b use kr skty hen,skin,ENG
dry skin pr b use kr skty hen,pr,ENG
dry skin pr b use kr skty hen,b,URD
dry skin pr b use kr skty hen,use,ENG
dry skin pr b use kr skty hen,kr,URD
dry skin pr b use kr skty hen,skty,URD
dry skin pr b use kr skty hen,hen,URD
Tere mention krne se pehle mere gallery m save hogAe janu ke pic,Tere,URD
Tere mention krne se pehle mere gallery m save hogAe janu ke pic,mention,ENG
Tere mention krne se pehle mere gallery m save hogAe janu ke pic,krne,URD
Tere mention krne se pehle mere gallery m save hogAe janu ke pic,se,URD
Tere mention krne se pehle mere gallery m save hogAe janu ke pic,pehle,URD
Tere mention krne se pehle mere gallery m save hogAe janu ke pic,mere,URD
Tere mention krne se pehle mere gallery m save hogAe janu ke pic,gallery,ENG
Tere mention krne se pehle mere gallery m save hogAe janu ke pic,m,URD
Tere mention krne se pehle mere gallery m save hogAe janu ke pic,save,ENG
Tere mention krne se pehle mere gallery m save hogAe janu ke pic,hogAe,URD
Tere mention krne se pehle mere gallery m save hogAe janu ke pic,janu,URD
Tere mention krne se pehle mere gallery m save hogAe janu ke pic,ke,URD
Tere mention krne se pehle mere gallery m save hogAe janu ke pic,pic,ENG
Mashallah Allah in ko hr kisi k nazar bad say bachaay Ameen,Mashallah,URD
Mashallah Allah in ko hr kisi k nazar bad say bachaay Ameen,Allah,URD
Mashallah Allah in ko hr kisi k nazar bad say bachaay Ameen,in,URD
Mashallah Allah in ko hr kisi k nazar bad say bachaay Ameen,ko,URD
Mashallah Allah in ko hr kisi k nazar bad say bachaay Ameen,hr,ENG
Mashallah Allah in ko hr kisi k nazar bad say bachaay Ameen,kisi,URD
Mashallah Allah in ko hr kisi k nazar bad say bachaay Ameen,k,URD
Mashallah Allah in ko hr kisi k nazar bad say bachaay Ameen,nazar,URD
Mashallah Allah in ko hr kisi k nazar bad say bachaay Ameen,bad,ENG
Mashallah Allah in ko hr kisi k nazar bad say bachaay Ameen,say,ENG
Mashallah Allah in ko hr kisi k nazar bad say bachaay Ameen,bachaay,URD
Mashallah Allah in ko hr kisi k nazar bad say bachaay Ameen,Ameen,URD
Saboor sb aap to baat chor hi dain na,Saboor,URD
Saboor sb aap to baat chor hi dain na,sb,ENG
Saboor sb aap to baat chor hi dain na,aap,URD
Saboor sb aap to baat chor hi dain na,to,ENG
Saboor sb aap to baat chor hi dain na,baat,URD
Saboor sb aap to baat chor hi dain na,chor,URD
Saboor sb aap to baat chor hi dain na,hi,URD
Saboor sb aap to baat chor hi dain na,dain,URD
Saboor sb aap to baat chor hi dain na,na,URD
Han naw sara to fb py hai nai uncle ko hi,Han,URD
Han naw sara to fb py hai nai uncle ko hi,naw,URD
Han naw sara to fb py hai nai uncle ko hi,sara,ENG
Han naw sara to fb py hai nai uncle ko hi,to,ENG
Han naw sara to fb py hai nai uncle ko hi,fb,URD
Han naw sara to fb py hai nai uncle ko hi,py,URD
Han naw sara to fb py hai nai uncle ko hi,hai,URD
Han naw sara to fb py hai nai uncle ko hi,nai,URD
Han naw sara to fb py hai nai uncle ko hi,uncle,ENG
Han naw sara to fb py hai nai uncle ko hi,ko,URD
Han naw sara to fb py hai nai uncle ko hi,hi,URD
Koi component nahi tha bus aasar thay,Koi,URD
Koi component nahi tha bus aasar thay,component,ENG
Koi component nahi tha bus aasar thay,nahi,URD
Koi component nahi tha bus aasar thay,tha,URD
Koi component nahi tha bus aasar thay,bus,ENG
Koi component nahi tha bus aasar thay,aasar,URD
Koi component nahi tha bus aasar thay,thay,URD
Han ap ka chal skta hai We have seen you perform Live,Han,URD
Han ap ka chal skta hai We have seen you perform Live,ap,URD
Han ap ka chal skta hai We have seen you perform Live,ka,URD
Han ap ka chal skta hai We have seen you perform Live,chal,URD
Han ap ka chal skta hai We have seen you perform Live,skta,URD
Han ap ka chal skta hai We have seen you perform Live,hai,URD
Han ap ka chal skta hai We have seen you perform Live,We,ENG
Han ap ka chal skta hai We have seen you perform Live,have,ENG
Han ap ka chal skta hai We have seen you perform Live,seen,ENG
Han ap ka chal skta hai We have seen you perform Live,you,ENG
Han ap ka chal skta hai We have seen you perform Live,perform,ENG
Han ap ka chal skta hai We have seen you perform Live,Live,ENG
Market sy rate zyada hai but thek ha,Market,ENG
Market sy rate zyada hai but thek ha,sy,URD
Market sy rate zyada hai but thek ha,rate,ENG
Market sy rate zyada hai but thek ha,zyada,URD
Market sy rate zyada hai but thek ha,hai,URD
Market sy rate zyada hai but thek ha,but,ENG
Market sy rate zyada hai but thek ha,thek,URD
Market sy rate zyada hai but thek ha,ha,ENG
Jub Tak Poori Report Nhi Aati Tamam Baten Qabal Az Waqt Hein,Jub,URD
Jub Tak Poori Report Nhi Aati Tamam Baten Qabal Az Waqt Hein,Tak,URD
Jub Tak Poori Report Nhi Aati Tamam Baten Qabal Az Waqt Hein,Poori,URD
Jub Tak Poori Report Nhi Aati Tamam Baten Qabal Az Waqt Hein,Report,ENG
Jub Tak Poori Report Nhi Aati Tamam Baten Qabal Az Waqt Hein,Nhi,URD
Jub Tak Poori Report Nhi Aati Tamam Baten Qabal Az Waqt Hein,Aati,URD
Jub Tak Poori Report Nhi Aati Tamam Baten Qabal Az Waqt Hein,Tamam,URD
Jub Tak Poori Report Nhi Aati Tamam Baten Qabal Az Waqt Hein,Baten,URD
Jub Tak Poori Report Nhi Aati Tamam Baten Qabal Az Waqt Hein,Qabal,URD
Jub Tak Poori Report Nhi Aati Tamam Baten Qabal Az Waqt Hein,Az,ENG
Jub Tak Poori Report Nhi Aati Tamam Baten Qabal Az Waqt Hein,Waqt,URD
Jub Tak Poori Report Nhi Aati Tamam Baten Qabal Az Waqt Hein,Hein,URD
Badshah Salamat ne aik prototype tayar kar li,Badshah,URD
Badshah Salamat ne aik prototype tayar kar li,Salamat,URD
Badshah Salamat ne aik prototype tayar kar li,ne,URD
Badshah Salamat ne aik prototype tayar kar li,aik,URD
Badshah Salamat ne aik prototype tayar kar li,prototype,ENG
Badshah Salamat ne aik prototype tayar kar li,tayar,URD
Badshah Salamat ne aik prototype tayar kar li,kar,URD
Badshah Salamat ne aik prototype tayar kar li,li,ENG
Is liye yeh saal meri kamiyabiyon aur career mien nae direction ka saal hai,Is,URD
Is liye yeh saal meri kamiyabiyon aur career mien nae direction ka saal hai,liye,URD
Is liye yeh saal meri kamiyabiyon aur career mien nae direction ka saal hai,yeh,URD
Is liye yeh saal meri kamiyabiyon aur career mien nae direction ka saal hai,saal,URD
Is liye yeh saal meri kamiyabiyon aur career mien nae direction ka saal hai,meri,URD
Is liye yeh saal meri kamiyabiyon aur career mien nae direction ka saal hai,kamiyabiyon,URD
Is liye yeh saal meri kamiyabiyon aur career mien nae direction ka saal hai,aur,URD
Is liye yeh saal meri kamiyabiyon aur career mien nae direction ka saal hai,career,ENG
Is liye yeh saal meri kamiyabiyon aur career mien nae direction ka saal hai,mien,URD
Is liye yeh saal meri kamiyabiyon aur career mien nae direction ka saal hai,nae,URD
Is liye yeh saal meri kamiyabiyon aur career mien nae direction ka saal hai,direction,ENG
Is liye yeh saal meri kamiyabiyon aur career mien nae direction ka saal hai,ka,URD
Is liye yeh saal meri kamiyabiyon aur career mien nae direction ka saal hai,saal,URD
Is liye yeh saal meri kamiyabiyon aur career mien nae direction ka saal hai,hai,URD
Johnny Depp ne apni azdawaji o romani zindagi mein bhi kae nasheb o faraz dekhe,Johnny,ENG
Johnny Depp ne apni azdawaji o romani zindagi mein bhi kae nasheb o faraz dekhe,Depp,URD
Johnny Depp ne apni azdawaji o romani zindagi mein bhi kae nasheb o faraz dekhe,ne,URD
Johnny Depp ne apni azdawaji o romani zindagi mein bhi kae nasheb o faraz dekhe,apni,URD
Johnny Depp ne apni azdawaji o romani zindagi mein bhi kae nasheb o faraz dekhe,azdawaji,URD
Johnny Depp ne apni azdawaji o romani zindagi mein bhi kae nasheb o faraz dekhe,o,ENG
Johnny Depp ne apni azdawaji o romani zindagi mein bhi kae nasheb o faraz dekhe,romani,URD
Johnny Depp ne apni azdawaji o romani zindagi mein bhi kae nasheb o faraz dekhe,zindagi,URD
Johnny Depp ne apni azdawaji o romani zindagi mein bhi kae nasheb o faraz dekhe,mein,URD
Johnny Depp ne apni azdawaji o romani zindagi mein bhi kae nasheb o faraz dekhe,bhi,URD
Johnny Depp ne apni azdawaji o romani zindagi mein bhi kae nasheb o faraz dekhe,kae,URD
Johnny Depp ne apni azdawaji o romani zindagi mein bhi kae nasheb o faraz dekhe,nasheb,URD
Johnny Depp ne apni azdawaji o romani zindagi mein bhi kae nasheb o faraz dekhe,o,ENG
Johnny Depp ne apni azdawaji o romani zindagi mein bhi kae nasheb o faraz dekhe,faraz,URD
Johnny Depp ne apni azdawaji o romani zindagi mein bhi kae nasheb o faraz dekhe,dekhe,URD
Bhai api hogi apke Mere to wo honi wale hai,Bhai,URD
Bhai api hogi apke Mere to wo honi wale hai,api,ENG
Bhai api hogi apke Mere to wo honi wale hai,hogi,URD
Bhai api hogi apke Mere to wo honi wale hai,apke,URD
Bhai api hogi apke Mere to wo honi wale hai,Mere,URD
Bhai api hogi apke Mere to wo honi wale hai,to,ENG
Bhai api hogi apke Mere to wo honi wale hai,wo,URD
Bhai api hogi apke Mere to wo honi wale hai,honi,URD
Bhai api hogi apke Mere to wo honi wale hai,wale,URD
Bhai api hogi apke Mere to wo honi wale hai,hai,URD
Mari team tow har dafa he bahir hoti hai koi nayi bat kr bhai,Mari,URD
Mari team tow har dafa he bahir hoti hai koi nayi bat kr bhai,team,ENG
Mari team tow har dafa he bahir hoti hai koi nayi bat kr bhai,tow,URD
Mari team tow har dafa he bahir hoti hai koi nayi bat kr bhai,har,URD
Mari team tow har dafa he bahir hoti hai koi nayi bat kr bhai,dafa,URD
Mari team tow har dafa he bahir hoti hai koi nayi bat kr bhai,he,ENG
Mari team tow har dafa he bahir hoti hai koi nayi bat kr bhai,bahir,URD
Mari team tow har dafa he bahir hoti hai koi nayi bat kr bhai,hoti,URD
Mari team tow har dafa he bahir hoti hai koi nayi bat kr bhai,hai,URD
Mari team tow har dafa he bahir hoti hai koi nayi bat kr bhai,koi,URD
Mari team tow har dafa he bahir hoti hai koi nayi bat kr bhai,nayi,URD
Mari team tow har dafa he bahir hoti hai koi nayi bat kr bhai,bat,URD
Mari team tow har dafa he bahir hoti hai koi nayi bat kr bhai,kr,URD
Mari team tow har dafa he bahir hoti hai koi nayi bat kr bhai,bhai,URD
Gujranwala Me PMLN Karkuno Ne PTI karkun ki Tang Torr Di,Gujranwala,URD
Gujranwala Me PMLN Karkuno Ne PTI karkun ki Tang Torr Di,Me,ENG
Gujranwala Me PMLN Karkuno Ne PTI karkun ki Tang Torr Di,PMLN,URD
Gujranwala Me PMLN Karkuno Ne PTI karkun ki Tang Torr Di,Karkuno,URD
Gujranwala Me PMLN Karkuno Ne PTI karkun ki Tang Torr Di,Ne,URD
Gujranwala Me PMLN Karkuno Ne PTI karkun ki Tang Torr Di,PTI,URD
Gujranwala Me PMLN Karkuno Ne PTI karkun ki Tang Torr Di,karkun,URD
Gujranwala Me PMLN Karkuno Ne PTI karkun ki Tang Torr Di,ki,URD
Gujranwala Me PMLN Karkuno Ne PTI karkun ki Tang Torr Di,Tang,URD
Gujranwala Me PMLN Karkuno Ne PTI karkun ki Tang Torr Di,Torr,URD
Gujranwala Me PMLN Karkuno Ne PTI karkun ki Tang Torr Di,Di,ENG
bicharay ka drone phass gaya or app hans rahi hai P,bicharay,URD
bicharay ka drone phass gaya or app hans rahi hai P,ka,URD
bicharay ka drone phass gaya or app hans rahi hai P,drone,URD
bicharay ka drone phass gaya or app hans rahi hai P,phass,URD
bicharay ka drone phass gaya or app hans rahi hai P,gaya,URD
bicharay ka drone phass gaya or app hans rahi hai P,or,ENG
bicharay ka drone phass gaya or app hans rahi hai P,app,ENG
bicharay ka drone phass gaya or app hans rahi hai P,hans,ENG
bicharay ka drone phass gaya or app hans rahi hai P,rahi,URD
bicharay ka drone phass gaya or app hans rahi hai P,hai,URD
bicharay ka drone phass gaya or app hans rahi hai P,P,ENG
Aik shakal sy hero lagta ha dosra bhangi,Aik,URD
Aik shakal sy hero lagta ha dosra bhangi,shakal,URD
Aik shakal sy hero lagta ha dosra bhangi,sy,URD
Aik shakal sy hero lagta ha dosra bhangi,hero,ENG
Aik shakal sy hero lagta ha dosra bhangi,lagta,URD
Aik shakal sy hero lagta ha dosra bhangi,ha,ENG
Aik shakal sy hero lagta ha dosra bhangi,dosra,URD
Aik shakal sy hero lagta ha dosra bhangi,bhangi,URD
Ibrahim Ismail Chundrigar ke zaati hesiyat mein Muslim zamaa hind ke sath talluqat bhi khushgawar the,Ibrahim,URD
Ibrahim Ismail Chundrigar ke zaati hesiyat mein Muslim zamaa hind ke sath talluqat bhi khushgawar the,Ismail,URD
Ibrahim Ismail Chundrigar ke zaati hesiyat mein Muslim zamaa hind ke sath talluqat bhi khushgawar the,Chundrigar,URD
Ibrahim Ismail Chundrigar ke zaati hesiyat mein Muslim zamaa hind ke sath talluqat bhi khushgawar the,ke,URD
Ibrahim Ismail Chundrigar ke zaati hesiyat mein Muslim zamaa hind ke sath talluqat bhi khushgawar the,zaati,URD
Ibrahim Ismail Chundrigar ke zaati hesiyat mein Muslim zamaa hind ke sath talluqat bhi khushgawar the,hesiyat,URD
Ibrahim Ismail Chundrigar ke zaati hesiyat mein Muslim zamaa hind ke sath talluqat bhi khushgawar the,mein,URD
Ibrahim Ismail Chundrigar ke zaati hesiyat mein Muslim zamaa hind ke sath talluqat bhi khushgawar the,Muslim,ENG
Ibrahim Ismail Chundrigar ke zaati hesiyat mein Muslim zamaa hind ke sath talluqat bhi khushgawar the,zamaa,URD
Ibrahim Ismail Chundrigar ke zaati hesiyat mein Muslim zamaa hind ke sath talluqat bhi khushgawar the,hind,URD
Ibrahim Ismail Chundrigar ke zaati hesiyat mein Muslim zamaa hind ke sath talluqat bhi khushgawar the,ke,URD
Ibrahim Ismail Chundrigar ke zaati hesiyat mein Muslim zamaa hind ke sath talluqat bhi khushgawar the,sath,URD
Ibrahim Ismail Chundrigar ke zaati hesiyat mein Muslim zamaa hind ke sath talluqat bhi khushgawar the,talluqat,URD
Ibrahim Ismail Chundrigar ke zaati hesiyat mein Muslim zamaa hind ke sath talluqat bhi khushgawar the,bhi,URD
Ibrahim Ismail Chundrigar ke zaati hesiyat mein Muslim zamaa hind ke sath talluqat bhi khushgawar the,khushgawar,URD
Ibrahim Ismail Chundrigar ke zaati hesiyat mein Muslim zamaa hind ke sath talluqat bhi khushgawar the,the,ENG
Pata nhi kb ay ga ye din,Pata,URD
Pata nhi kb ay ga ye din,nhi,URD
Pata nhi kb ay ga ye din,kb,ENG
Pata nhi kb ay ga ye din,ay,URD
Pata nhi kb ay ga ye din,ga,ENG
Pata nhi kb ay ga ye din,ye,URD
Pata nhi kb ay ga ye din,din,URD
very good bhai ye youtube bhi upload kren plz,very,ENG
very good bhai ye youtube bhi upload kren plz,good,ENG
very good bhai ye youtube bhi upload kren plz,bhai,URD
very good bhai ye youtube bhi upload kren plz,ye,URD
very good bhai ye youtube bhi upload kren plz,youtube,URD
very good bhai ye youtube bhi upload kren plz,bhi,URD
very good bhai ye youtube bhi upload kren plz,upload,ENG
very good bhai ye youtube bhi upload kren plz,kren,URD
very good bhai ye youtube bhi upload kren plz,plz,URD
good ap nae dil jeet laya thank u bhai jan ilove u,good,ENG
good ap nae dil jeet laya thank u bhai jan ilove u,ap,URD
good ap nae dil jeet laya thank u bhai jan ilove u,nae,URD
good ap nae dil jeet laya thank u bhai jan ilove u,dil,URD
good ap nae dil jeet laya thank u bhai jan ilove u,jeet,URD
good ap nae dil jeet laya thank u bhai jan ilove u,laya,URD
good ap nae dil jeet laya thank u bhai jan ilove u,thank,ENG
good ap nae dil jeet laya thank u bhai jan ilove u,u,ENG
good ap nae dil jeet laya thank u bhai jan ilove u,bhai,URD
good ap nae dil jeet laya thank u bhai jan ilove u,jan,ENG
good ap nae dil jeet laya thank u bhai jan ilove u,ilove,URD
good ap nae dil jeet laya thank u bhai jan ilove u,u,ENG
Is martaba aik tubelight k uper tha aur aik aik chair k neechay double tape se chipkaya gaya,Is,URD
Is martaba aik tubelight k uper tha aur aik aik chair k neechay double tape se chipkaya gaya,martaba,URD
Is martaba aik tubelight k uper tha aur aik aik chair k neechay double tape se chipkaya gaya,aik,URD
Is martaba aik tubelight k uper tha aur aik aik chair k neechay double tape se chipkaya gaya,tubelight,URD
Is martaba aik tubelight k uper tha aur aik aik chair k neechay double tape se chipkaya gaya,k,URD
Is martaba aik tubelight k uper tha aur aik aik chair k neechay double tape se chipkaya gaya,uper,URD
Is martaba aik tubelight k uper tha aur aik aik chair k neechay double tape se chipkaya gaya,tha,URD
Is martaba aik tubelight k uper tha aur aik aik chair k neechay double tape se chipkaya gaya,aur,URD
Is martaba aik tubelight k uper tha aur aik aik chair k neechay double tape se chipkaya gaya,aik,URD
Is martaba aik tubelight k uper tha aur aik aik chair k neechay double tape se chipkaya gaya,aik,URD
Is martaba aik tubelight k uper tha aur aik aik chair k neechay double tape se chipkaya gaya,chair,ENG
Is martaba aik tubelight k uper tha aur aik aik chair k neechay double tape se chipkaya gaya,k,URD
Is martaba aik tubelight k uper tha aur aik aik chair k neechay double tape se chipkaya gaya,neechay,URD
Is martaba aik tubelight k uper tha aur aik aik chair k neechay double tape se chipkaya gaya,double,ENG
Is martaba aik tubelight k uper tha aur aik aik chair k neechay double tape se chipkaya gaya,tape,ENG
Is martaba aik tubelight k uper tha aur aik aik chair k neechay double tape se chipkaya gaya,se,URD
Is martaba aik tubelight k uper tha aur aik aik chair k neechay double tape se chipkaya gaya,chipkaya,URD
Is martaba aik tubelight k uper tha aur aik aik chair k neechay double tape se chipkaya gaya,gaya,URD
Thanks God aakhir chal hi para mera AC Boht Zabardast chiz hay,Thanks,ENG
Thanks God aakhir chal hi para mera AC Boht Zabardast chiz hay,God,ENG
Thanks God aakhir chal hi para mera AC Boht Zabardast chiz hay,aakhir,URD
Thanks God aakhir chal hi para mera AC Boht Zabardast chiz hay,chal,URD
Thanks God aakhir chal hi para mera AC Boht Zabardast chiz hay,hi,URD
Thanks God aakhir chal hi para mera AC Boht Zabardast chiz hay,para,ENG
Thanks God aakhir chal hi para mera AC Boht Zabardast chiz hay,mera,URD
Thanks God aakhir chal hi para mera AC Boht Zabardast chiz hay,AC,ENG
Thanks God aakhir chal hi para mera AC Boht Zabardast chiz hay,Boht,URD
Thanks God aakhir chal hi para mera AC Boht Zabardast chiz hay,Zabardast,URD
Thanks God aakhir chal hi para mera AC Boht Zabardast chiz hay,chiz,URD
Thanks God aakhir chal hi para mera AC Boht Zabardast chiz hay,hay,ENG
Mian Irfan Riaz wo b sub ko pata hai k kis NY kill Kiya ok,Mian,URD
Mian Irfan Riaz wo b sub ko pata hai k kis NY kill Kiya ok,Irfan,URD
Mian Irfan Riaz wo b sub ko pata hai k kis NY kill Kiya ok,Riaz,URD
Mian Irfan Riaz wo b sub ko pata hai k kis NY kill Kiya ok,wo,URD
Mian Irfan Riaz wo b sub ko pata hai k kis NY kill Kiya ok,b,URD
Mian Irfan Riaz wo b sub ko pata hai k kis NY kill Kiya ok,sub,URD
Mian Irfan Riaz wo b sub ko pata hai k kis NY kill Kiya ok,ko,URD
Mian Irfan Riaz wo b sub ko pata hai k kis NY kill Kiya ok,pata,URD
Mian Irfan Riaz wo b sub ko pata hai k kis NY kill Kiya ok,hai,URD
Mian Irfan Riaz wo b sub ko pata hai k kis NY kill Kiya ok,k,URD
Mian Irfan Riaz wo b sub ko pata hai k kis NY kill Kiya ok,kis,URD
Mian Irfan Riaz wo b sub ko pata hai k kis NY kill Kiya ok,NY,URD
Mian Irfan Riaz wo b sub ko pata hai k kis NY kill Kiya ok,kill,ENG
Mian Irfan Riaz wo b sub ko pata hai k kis NY kill Kiya ok,Kiya,URD
Mian Irfan Riaz wo b sub ko pata hai k kis NY kill Kiya ok,ok,ENG
Imran Khan Ka Zulfiqar Mirza Ko Phone Badin City Me Jeet Per Mubarakbad,Imran,URD
Imran Khan Ka Zulfiqar Mirza Ko Phone Badin City Me Jeet Per Mubarakbad,Khan,URD
Imran Khan Ka Zulfiqar Mirza Ko Phone Badin City Me Jeet Per Mubarakbad,Ka,URD
Imran Khan Ka Zulfiqar Mirza Ko Phone Badin City Me Jeet Per Mubarakbad,Zulfiqar,URD
Imran Khan Ka Zulfiqar Mirza Ko Phone Badin City Me Jeet Per Mubarakbad,Mirza,URD
Imran Khan Ka Zulfiqar Mirza Ko Phone Badin City Me Jeet Per Mubarakbad,Ko,URD
Imran Khan Ka Zulfiqar Mirza Ko Phone Badin City Me Jeet Per Mubarakbad,Phone,ENG
Imran Khan Ka Zulfiqar Mirza Ko Phone Badin City Me Jeet Per Mubarakbad,Badin,URD
Imran Khan Ka Zulfiqar Mirza Ko Phone Badin City Me Jeet Per Mubarakbad,City,ENG
Imran Khan Ka Zulfiqar Mirza Ko Phone Badin City Me Jeet Per Mubarakbad,Me,ENG
Imran Khan Ka Zulfiqar Mirza Ko Phone Badin City Me Jeet Per Mubarakbad,Jeet,URD
Imran Khan Ka Zulfiqar Mirza Ko Phone Badin City Me Jeet Per Mubarakbad,Per,URD
Imran Khan Ka Zulfiqar Mirza Ko Phone Badin City Me Jeet Per Mubarakbad,Mubarakbad,URD
tere jesi ho to P,tere,URD
tere jesi ho to P,jesi,URD
tere jesi ho to P,ho,URD
tere jesi ho to P,to,ENG
tere jesi ho to P,P,ENG
Koi Anchor person ki job hai ap k tv channel pe,Koi,URD
Koi Anchor person ki job hai ap k tv channel pe,Anchor,ENG
Koi Anchor person ki job hai ap k tv channel pe,person,ENG
Koi Anchor person ki job hai ap k tv channel pe,ki,URD
Koi Anchor person ki job hai ap k tv channel pe,job,ENG
Koi Anchor person ki job hai ap k tv channel pe,hai,URD
Koi Anchor person ki job hai ap k tv channel pe,ap,URD
Koi Anchor person ki job hai ap k tv channel pe,k,URD
Koi Anchor person ki job hai ap k tv channel pe,tv,ENG
Koi Anchor person ki job hai ap k tv channel pe,channel,ENG
Koi Anchor person ki job hai ap k tv channel pe,pe,URD
Ramsha beta exams mae kuch bhi nai aya,Ramsha,URD
Ramsha beta exams mae kuch bhi nai aya,beta,URD
Ramsha beta exams mae kuch bhi nai aya,exams,ENG
Ramsha beta exams mae kuch bhi nai aya,mae,ENG
Ramsha beta exams mae kuch bhi nai aya,kuch,URD
Ramsha beta exams mae kuch bhi nai aya,bhi,URD
Ramsha beta exams mae kuch bhi nai aya,nai,URD
Ramsha beta exams mae kuch bhi nai aya,aya,URD
Kehny ko tu keh don likn jhoot bolna kon sa asaan kaam hy,Kehny,URD
Kehny ko tu keh don likn jhoot bolna kon sa asaan kaam hy,ko,URD
Kehny ko tu keh don likn jhoot bolna kon sa asaan kaam hy,tu,URD
Kehny ko tu keh don likn jhoot bolna kon sa asaan kaam hy,keh,URD
Kehny ko tu keh don likn jhoot bolna kon sa asaan kaam hy,don,ENG
Kehny ko tu keh don likn jhoot bolna kon sa asaan kaam hy,likn,URD
Kehny ko tu keh don likn jhoot bolna kon sa asaan kaam hy,jhoot,URD
Kehny ko tu keh don likn jhoot bolna kon sa asaan kaam hy,bolna,URD
Kehny ko tu keh don likn jhoot bolna kon sa asaan kaam hy,kon,URD
Kehny ko tu keh don likn jhoot bolna kon sa asaan kaam hy,sa,ENG
Kehny ko tu keh don likn jhoot bolna kon sa asaan kaam hy,asaan,URD
Kehny ko tu keh don likn jhoot bolna kon sa asaan kaam hy,kaam,URD
Kehny ko tu keh don likn jhoot bolna kon sa asaan kaam hy,hy,URD
London Committee K Ehem Rukun M Anwar Alalat K Bais Subukdosh Zimedaria Wapis Leli Gayn,London,ENG
London Committee K Ehem Rukun M Anwar Alalat K Bais Subukdosh Zimedaria Wapis Leli Gayn,Committee,ENG
London Committee K Ehem Rukun M Anwar Alalat K Bais Subukdosh Zimedaria Wapis Leli Gayn,K,URD
London Committee K Ehem Rukun M Anwar Alalat K Bais Subukdosh Zimedaria Wapis Leli Gayn,Ehem,URD
London Committee K Ehem Rukun M Anwar Alalat K Bais Subukdosh Zimedaria Wapis Leli Gayn,Rukun,URD
London Committee K Ehem Rukun M Anwar Alalat K Bais Subukdosh Zimedaria Wapis Leli Gayn,M,URD
London Committee K Ehem Rukun M Anwar Alalat K Bais Subukdosh Zimedaria Wapis Leli Gayn,Anwar,URD
London Committee K Ehem Rukun M Anwar Alalat K Bais Subukdosh Zimedaria Wapis Leli Gayn,Alalat,URD
London Committee K Ehem Rukun M Anwar Alalat K Bais Subukdosh Zimedaria Wapis Leli Gayn,K,URD
London Committee K Ehem Rukun M Anwar Alalat K Bais Subukdosh Zimedaria Wapis Leli Gayn,Bais,URD
London Committee K Ehem Rukun M Anwar Alalat K Bais Subukdosh Zimedaria Wapis Leli Gayn,Subukdosh,URD
London Committee K Ehem Rukun M Anwar Alalat K Bais Subukdosh Zimedaria Wapis Leli Gayn,Zimedaria,URD
London Committee K Ehem Rukun M Anwar Alalat K Bais Subukdosh Zimedaria Wapis Leli Gayn,Wapis,URD
London Committee K Ehem Rukun M Anwar Alalat K Bais Subukdosh Zimedaria Wapis Leli Gayn,Leli,URD
London Committee K Ehem Rukun M Anwar Alalat K Bais Subukdosh Zimedaria Wapis Leli Gayn,Gayn,URD
Media wokla civil society siyasi karkunan un ke sath the,Media,ENG
Media wokla civil society siyasi karkunan un ke sath the,wokla,URD
Media wokla civil society siyasi karkunan un ke sath the,civil,ENG
Media wokla civil society siyasi karkunan un ke sath the,society,ENG
Media wokla civil society siyasi karkunan un ke sath the,siyasi,URD
Media wokla civil society siyasi karkunan un ke sath the,karkunan,URD
Media wokla civil society siyasi karkunan un ke sath the,un,URD
Media wokla civil society siyasi karkunan un ke sath the,ke,URD
Media wokla civil society siyasi karkunan un ke sath the,sath,URD
Media wokla civil society siyasi karkunan un ke sath the,the,ENG
ap k walid sb b to compaign kr sakthy thy plz review kerain,ap,URD
ap k walid sb b to compaign kr sakthy thy plz review kerain,k,URD
ap k walid sb b to compaign kr sakthy thy plz review kerain,walid,URD
ap k walid sb b to compaign kr sakthy thy plz review kerain,sb,ENG
ap k walid sb b to compaign kr sakthy thy plz review kerain,b,URD
ap k walid sb b to compaign kr sakthy thy plz review kerain,to,ENG
ap k walid sb b to compaign kr sakthy thy plz review kerain,compaign,URD
ap k walid sb b to compaign kr sakthy thy plz review kerain,kr,URD
ap k walid sb b to compaign kr sakthy thy plz review kerain,sakthy,URD
ap k walid sb b to compaign kr sakthy thy plz review kerain,thy,URD
ap k walid sb b to compaign kr sakthy thy plz review kerain,plz,URD
ap k walid sb b to compaign kr sakthy thy plz review kerain,review,ENG
ap k walid sb b to compaign kr sakthy thy plz review kerain,kerain,URD
Mtlb India Pak ka final me TAAKRA nhi hona,Mtlb,URD
Mtlb India Pak ka final me TAAKRA nhi hona,India,ENG
Mtlb India Pak ka final me TAAKRA nhi hona,Pak,URD
Mtlb India Pak ka final me TAAKRA nhi hona,ka,URD
Mtlb India Pak ka final me TAAKRA nhi hona,final,ENG
Mtlb India Pak ka final me TAAKRA nhi hona,me,ENG
Mtlb India Pak ka final me TAAKRA nhi hona,TAAKRA,URD
Mtlb India Pak ka final me TAAKRA nhi hona,nhi,URD
Mtlb India Pak ka final me TAAKRA nhi hona,hona,URD
main ny to krni hi nhi hi na to tu kr ly tyre liye best hai yh Buahahahahahaa,main,URD
main ny to krni hi nhi hi na to tu kr ly tyre liye best hai yh Buahahahahahaa,ny,URD
main ny to krni hi nhi hi na to tu kr ly tyre liye best hai yh Buahahahahahaa,to,ENG
main ny to krni hi nhi hi na to tu kr ly tyre liye best hai yh Buahahahahahaa,krni,URD
main ny to krni hi nhi hi na to tu kr ly tyre liye best hai yh Buahahahahahaa,hi,URD
main ny to krni hi nhi hi na to tu kr ly tyre liye best hai yh Buahahahahahaa,nhi,URD
main ny to krni hi nhi hi na to tu kr ly tyre liye best hai yh Buahahahahahaa,hi,URD
main ny to krni hi nhi hi na to tu kr ly tyre liye best hai yh Buahahahahahaa,na,URD
main ny to krni hi nhi hi na to tu kr ly tyre liye best hai yh Buahahahahahaa,to,ENG
main ny to krni hi nhi hi na to tu kr ly tyre liye best hai yh Buahahahahahaa,tu,URD
main ny to krni hi nhi hi na to tu kr ly tyre liye best hai yh Buahahahahahaa,kr,URD
main ny to krni hi nhi hi na to tu kr ly tyre liye best hai yh Buahahahahahaa,ly,URD
main ny to krni hi nhi hi na to tu kr ly tyre liye best hai yh Buahahahahahaa,tyre,URD
main ny to krni hi nhi hi na to tu kr ly tyre liye best hai yh Buahahahahahaa,liye,URD
main ny to krni hi nhi hi na to tu kr ly tyre liye best hai yh Buahahahahahaa,best,ENG
main ny to krni hi nhi hi na to tu kr ly tyre liye best hai yh Buahahahahahaa,hai,URD
main ny to krni hi nhi hi na to tu kr ly tyre liye best hai yh Buahahahahahaa,yh,URD
main ny to krni hi nhi hi na to tu kr ly tyre liye best hai yh Buahahahahahaa,Buahahahahahaa,URD
Jtna kal ghoomo gyin to Iphone ahee jyin ga ahahaha Rides amount mai,Jtna,URD
Jtna kal ghoomo gyin to Iphone ahee jyin ga ahahaha Rides amount mai,kal,URD
Jtna kal ghoomo gyin to Iphone ahee jyin ga ahahaha Rides amount mai,ghoomo,URD
Jtna kal ghoomo gyin to Iphone ahee jyin ga ahahaha Rides amount mai,gyin,URD
Jtna kal ghoomo gyin to Iphone ahee jyin ga ahahaha Rides amount mai,to,ENG
Jtna kal ghoomo gyin to Iphone ahee jyin ga ahahaha Rides amount mai,Iphone,URD
Jtna kal ghoomo gyin to Iphone ahee jyin ga ahahaha Rides amount mai,ahee,URD
Jtna kal ghoomo gyin to Iphone ahee jyin ga ahahaha Rides amount mai,jyin,URD
Jtna kal ghoomo gyin to Iphone ahee jyin ga ahahaha Rides amount mai,ga,ENG
Jtna kal ghoomo gyin to Iphone ahee jyin ga ahahaha Rides amount mai,ahahaha,URD
Jtna kal ghoomo gyin to Iphone ahee jyin ga ahahaha Rides amount mai,Rides,ENG
Jtna kal ghoomo gyin to Iphone ahee jyin ga ahahaha Rides amount mai,amount,ENG
Jtna kal ghoomo gyin to Iphone ahee jyin ga ahahaha Rides amount mai,mai,URD
Ap k na dko to Nend nhi ate atna fan ho ap k,Ap,URD
Ap k na dko to Nend nhi ate atna fan ho ap k,k,URD
Ap k na dko to Nend nhi ate atna fan ho ap k,na,URD
Ap k na dko to Nend nhi ate atna fan ho ap k,dko,URD
Ap k na dko to Nend nhi ate atna fan ho ap k,to,ENG
Ap k na dko to Nend nhi ate atna fan ho ap k,Nend,URD
Ap k na dko to Nend nhi ate atna fan ho ap k,nhi,URD
Ap k na dko to Nend nhi ate atna fan ho ap k,ate,ENG
Ap k na dko to Nend nhi ate atna fan ho ap k,atna,URD
Ap k na dko to Nend nhi ate atna fan ho ap k,fan,ENG
Ap k na dko to Nend nhi ate atna fan ho ap k,ho,URD
Ap k na dko to Nend nhi ate atna fan ho ap k,ap,URD
Ap k na dko to Nend nhi ate atna fan ho ap k,k,URD
Ma Inn cheezon Ko hi hilight karta hon apni hasiat k mutabiq,Ma,ENG
Ma Inn cheezon Ko hi hilight karta hon apni hasiat k mutabiq,Inn,ENG
Ma Inn cheezon Ko hi hilight karta hon apni hasiat k mutabiq,cheezon,URD
Ma Inn cheezon Ko hi hilight karta hon apni hasiat k mutabiq,Ko,URD
Ma Inn cheezon Ko hi hilight karta hon apni hasiat k mutabiq,hi,URD
Ma Inn cheezon Ko hi hilight karta hon apni hasiat k mutabiq,hilight,URD
Ma Inn cheezon Ko hi hilight karta hon apni hasiat k mutabiq,karta,URD
Ma Inn cheezon Ko hi hilight karta hon apni hasiat k mutabiq,hon,ENG
Ma Inn cheezon Ko hi hilight karta hon apni hasiat k mutabiq,apni,URD
Ma Inn cheezon Ko hi hilight karta hon apni hasiat k mutabiq,hasiat,URD
Ma Inn cheezon Ko hi hilight karta hon apni hasiat k mutabiq,k,URD
Ma Inn cheezon Ko hi hilight karta hon apni hasiat k mutabiq,mutabiq,URD
Dekh tairay pay video bhi bun gayee LOL,Dekh,URD
Dekh tairay pay video bhi bun gayee LOL,tairay,URD
Dekh tairay pay video bhi bun gayee LOL,pay,ENG
Dekh tairay pay video bhi bun gayee LOL,video,ENG
Dekh tairay pay video bhi bun gayee LOL,bhi,URD
Dekh tairay pay video bhi bun gayee LOL,bun,URD
Dekh tairay pay video bhi bun gayee LOL,gayee,URD
Dekh tairay pay video bhi bun gayee LOL,LOL,ENG
Ibtedah mein Jigar Murad Abadi se mutasir the aur rewayati ghazlen kehte the,Ibtedah,URD
Ibtedah mein Jigar Murad Abadi se mutasir the aur rewayati ghazlen kehte the,mein,URD
Ibtedah mein Jigar Murad Abadi se mutasir the aur rewayati ghazlen kehte the,Jigar,URD
Ibtedah mein Jigar Murad Abadi se mutasir the aur rewayati ghazlen kehte the,Murad,URD
Ibtedah mein Jigar Murad Abadi se mutasir the aur rewayati ghazlen kehte the,Abadi,URD
Ibtedah mein Jigar Murad Abadi se mutasir the aur rewayati ghazlen kehte the,se,URD
Ibtedah mein Jigar Murad Abadi se mutasir the aur rewayati ghazlen kehte the,mutasir,URD
Ibtedah mein Jigar Murad Abadi se mutasir the aur rewayati ghazlen kehte the,the,ENG
Ibtedah mein Jigar Murad Abadi se mutasir the aur rewayati ghazlen kehte the,aur,URD
Ibtedah mein Jigar Murad Abadi se mutasir the aur rewayati ghazlen kehte the,rewayati,URD
Ibtedah mein Jigar Murad Abadi se mutasir the aur rewayati ghazlen kehte the,ghazlen,URD
Ibtedah mein Jigar Murad Abadi se mutasir the aur rewayati ghazlen kehte the,kehte,URD
Ibtedah mein Jigar Murad Abadi se mutasir the aur rewayati ghazlen kehte the,the,ENG
Saudi Arabia ka qoumi nishan kia hy,Saudi,ENG
Saudi Arabia ka qoumi nishan kia hy,Arabia,ENG
Saudi Arabia ka qoumi nishan kia hy,ka,URD
Saudi Arabia ka qoumi nishan kia hy,qoumi,URD
Saudi Arabia ka qoumi nishan kia hy,nishan,URD
Saudi Arabia ka qoumi nishan kia hy,kia,URD
Saudi Arabia ka qoumi nishan kia hy,hy,URD
Norway main bhi aaj Eid he please pray for us,Norway,ENG
Norway main bhi aaj Eid he please pray for us,main,URD
Norway main bhi aaj Eid he please pray for us,bhi,URD
Norway main bhi aaj Eid he please pray for us,aaj,URD
Norway main bhi aaj Eid he please pray for us,Eid,URD
Norway main bhi aaj Eid he please pray for us,he,ENG
Norway main bhi aaj Eid he please pray for us,please,ENG
Norway main bhi aaj Eid he please pray for us,pray,ENG
Norway main bhi aaj Eid he please pray for us,for,ENG
Norway main bhi aaj Eid he please pray for us,us,URD
Wah Case kro chalo P Aur company ki treat bhi do D,Wah,URD
Wah Case kro chalo P Aur company ki treat bhi do D,Case,ENG
Wah Case kro chalo P Aur company ki treat bhi do D,kro,URD
Wah Case kro chalo P Aur company ki treat bhi do D,chalo,URD
Wah Case kro chalo P Aur company ki treat bhi do D,P,ENG
Wah Case kro chalo P Aur company ki treat bhi do D,Aur,URD
Wah Case kro chalo P Aur company ki treat bhi do D,company,ENG
Wah Case kro chalo P Aur company ki treat bhi do D,ki,URD
Wah Case kro chalo P Aur company ki treat bhi do D,treat,ENG
Wah Case kro chalo P Aur company ki treat bhi do D,bhi,URD
Wah Case kro chalo P Aur company ki treat bhi do D,do,URD
Wah Case kro chalo P Aur company ki treat bhi do D,D,ENG
tu husband hai Kisi or ka tujhay chahta koi or hai,tu,URD
tu husband hai Kisi or ka tujhay chahta koi or hai,husband,ENG
tu husband hai Kisi or ka tujhay chahta koi or hai,hai,URD
tu husband hai Kisi or ka tujhay chahta koi or hai,Kisi,URD
tu husband hai Kisi or ka tujhay chahta koi or hai,or,ENG
tu husband hai Kisi or ka tujhay chahta koi or hai,ka,URD
tu husband hai Kisi or ka tujhay chahta koi or hai,tujhay,URD
tu husband hai Kisi or ka tujhay chahta koi or hai,chahta,URD
tu husband hai Kisi or ka tujhay chahta koi or hai,koi,URD
tu husband hai Kisi or ka tujhay chahta koi or hai,or,ENG
tu husband hai Kisi or ka tujhay chahta koi or hai,hai,URD
Amee baba ta zama taraf na thank u uwaya,Amee,URD
Amee baba ta zama taraf na thank u uwaya,baba,URD
Amee baba ta zama taraf na thank u uwaya,ta,ENG
Amee baba ta zama taraf na thank u uwaya,zama,URD
Amee baba ta zama taraf na thank u uwaya,taraf,URD
Amee baba ta zama taraf na thank u uwaya,na,URD
Amee baba ta zama taraf na thank u uwaya,thank,ENG
Amee baba ta zama taraf na thank u uwaya,u,ENG
Amee baba ta zama taraf na thank u uwaya,uwaya,URD
hahahha teacher never mantey their mistakes tbh XD,hahahha,URD
hahahha teacher never mantey their mistakes tbh XD,teacher,ENG
hahahha teacher never mantey their mistakes tbh XD,never,ENG
hahahha teacher never mantey their mistakes tbh XD,mantey,URD
hahahha teacher never mantey their mistakes tbh XD,their,ENG
hahahha teacher never mantey their mistakes tbh XD,mistakes,ENG
hahahha teacher never mantey their mistakes tbh XD,tbh,URD
hahahha teacher never mantey their mistakes tbh XD,XD,URD
shikra is wrong its humming bird,shikra,URD
shikra is wrong its humming bird,is,URD
shikra is wrong its humming bird,wrong,ENG
shikra is wrong its humming bird,its,ENG
shikra is wrong its humming bird,humming,URD
shikra is wrong its humming bird,bird,ENG
Ma Ne ye shirt order ki per inho Ne black colour full sleeves me koi or bhj di,Ma,ENG
Ma Ne ye shirt order ki per inho Ne black colour full sleeves me koi or bhj di,Ne,URD
Ma Ne ye shirt order ki per inho Ne black colour full sleeves me koi or bhj di,ye,URD
Ma Ne ye shirt order ki per inho Ne black colour full sleeves me koi or bhj di,shirt,ENG
Ma Ne ye shirt order ki per inho Ne black colour full sleeves me koi or bhj di,order,ENG
Ma Ne ye shirt order ki per inho Ne black colour full sleeves me koi or bhj di,ki,URD
Ma Ne ye shirt order ki per inho Ne black colour full sleeves me koi or bhj di,per,URD
Ma Ne ye shirt order ki per inho Ne black colour full sleeves me koi or bhj di,inho,URD
Ma Ne ye shirt order ki per inho Ne black colour full sleeves me koi or bhj di,Ne,URD
Ma Ne ye shirt order ki per inho Ne black colour full sleeves me koi or bhj di,black,ENG
Ma Ne ye shirt order ki per inho Ne black colour full sleeves me koi or bhj di,colour,ENG
Ma Ne ye shirt order ki per inho Ne black colour full sleeves me koi or bhj di,full,ENG
Ma Ne ye shirt order ki per inho Ne black colour full sleeves me koi or bhj di,sleeves,URD
Ma Ne ye shirt order ki per inho Ne black colour full sleeves me koi or bhj di,me,ENG
Ma Ne ye shirt order ki per inho Ne black colour full sleeves me koi or bhj di,koi,URD
Ma Ne ye shirt order ki per inho Ne black colour full sleeves me koi or bhj di,or,ENG
Ma Ne ye shirt order ki per inho Ne black colour full sleeves me koi or bhj di,bhj,URD
Ma Ne ye shirt order ki per inho Ne black colour full sleeves me koi or bhj di,di,ENG
achi product hai use kar k acha laga kam price may best hai,achi,URD
achi product hai use kar k acha laga kam price may best hai,product,ENG
achi product hai use kar k acha laga kam price may best hai,hai,URD
achi product hai use kar k acha laga kam price may best hai,use,ENG
achi product hai use kar k acha laga kam price may best hai,kar,URD
achi product hai use kar k acha laga kam price may best hai,k,URD
achi product hai use kar k acha laga kam price may best hai,acha,URD
achi product hai use kar k acha laga kam price may best hai,laga,URD
achi product hai use kar k acha laga kam price may best hai,kam,URD
achi product hai use kar k acha laga kam price may best hai,price,ENG
achi product hai use kar k acha laga kam price may best hai,may,ENG
achi product hai use kar k acha laga kam price may best hai,best,ENG
achi product hai use kar k acha laga kam price may best hai,hai,URD
Apny pas hi rkho fresh take,Apny,URD
Apny pas hi rkho fresh take,pas,ENG
Apny pas hi rkho fresh take,hi,URD
Apny pas hi rkho fresh take,rkho,URD
Apny pas hi rkho fresh take,fresh,ENG
Apny pas hi rkho fresh take,take,ENG
Kiya hum nai part Pakistan ka,Kiya,URD
Kiya hum nai part Pakistan ka,hum,URD
Kiya hum nai part Pakistan ka,nai,URD
Kiya hum nai part Pakistan ka,part,ENG
Kiya hum nai part Pakistan ka,Pakistan,ENG
Kiya hum nai part Pakistan ka,ka,URD
Khail ka talent un mein shooru se hi maujood tha aur achchey khelaryon mein shoomar keye jate they,Khail,URD
Khail ka talent un mein shooru se hi maujood tha aur achchey khelaryon mein shoomar keye jate they,ka,URD
Khail ka talent un mein shooru se hi maujood tha aur achchey khelaryon mein shoomar keye jate they,talent,ENG
Khail ka talent un mein shooru se hi maujood tha aur achchey khelaryon mein shoomar keye jate they,un,URD
Khail ka talent un mein shooru se hi maujood tha aur achchey khelaryon mein shoomar keye jate they,mein,URD
Khail ka talent un mein shooru se hi maujood tha aur achchey khelaryon mein shoomar keye jate they,shooru,URD
Khail ka talent un mein shooru se hi maujood tha aur achchey khelaryon mein shoomar keye jate they,se,URD
Khail ka talent un mein shooru se hi maujood tha aur achchey khelaryon mein shoomar keye jate they,hi,URD
Khail ka talent un mein shooru se hi maujood tha aur achchey khelaryon mein shoomar keye jate they,maujood,URD
Khail ka talent un mein shooru se hi maujood tha aur achchey khelaryon mein shoomar keye jate they,tha,URD
Khail ka talent un mein shooru se hi maujood tha aur achchey khelaryon mein shoomar keye jate they,aur,URD
Khail ka talent un mein shooru se hi maujood tha aur achchey khelaryon mein shoomar keye jate they,achchey,URD
Khail ka talent un mein shooru se hi maujood tha aur achchey khelaryon mein shoomar keye jate they,khelaryon,URD
Khail ka talent un mein shooru se hi maujood tha aur achchey khelaryon mein shoomar keye jate they,mein,URD
Khail ka talent un mein shooru se hi maujood tha aur achchey khelaryon mein shoomar keye jate they,shoomar,URD
Khail ka talent un mein shooru se hi maujood tha aur achchey khelaryon mein shoomar keye jate they,keye,URD
Khail ka talent un mein shooru se hi maujood tha aur achchey khelaryon mein shoomar keye jate they,jate,URD
Khail ka talent un mein shooru se hi maujood tha aur achchey khelaryon mein shoomar keye jate they,they,ENG
kuch b ho banda pyar to karta hai ab plyer hi ganday hon to wo kia karay,kuch,URD
kuch b ho banda pyar to karta hai ab plyer hi ganday hon to wo kia karay,b,URD
kuch b ho banda pyar to karta hai ab plyer hi ganday hon to wo kia karay,ho,URD
kuch b ho banda pyar to karta hai ab plyer hi ganday hon to wo kia karay,banda,URD
kuch b ho banda pyar to karta hai ab plyer hi ganday hon to wo kia karay,pyar,URD
kuch b ho banda pyar to karta hai ab plyer hi ganday hon to wo kia karay,to,ENG
kuch b ho banda pyar to karta hai ab plyer hi ganday hon to wo kia karay,karta,URD
kuch b ho banda pyar to karta hai ab plyer hi ganday hon to wo kia karay,hai,URD
kuch b ho banda pyar to karta hai ab plyer hi ganday hon to wo kia karay,ab,URD
kuch b ho banda pyar to karta hai ab plyer hi ganday hon to wo kia karay,plyer,URD
kuch b ho banda pyar to karta hai ab plyer hi ganday hon to wo kia karay,hi,URD
kuch b ho banda pyar to karta hai ab plyer hi ganday hon to wo kia karay,ganday,URD
kuch b ho banda pyar to karta hai ab plyer hi ganday hon to wo kia karay,hon,ENG
kuch b ho banda pyar to karta hai ab plyer hi ganday hon to wo kia karay,to,ENG
kuch b ho banda pyar to karta hai ab plyer hi ganday hon to wo kia karay,wo,URD
kuch b ho banda pyar to karta hai ab plyer hi ganday hon to wo kia karay,kia,URD
kuch b ho banda pyar to karta hai ab plyer hi ganday hon to wo kia karay,karay,URD
Hahaha D Kash Allah mian gheebat pe gunah na rakhty P,Hahaha,URD
Hahaha D Kash Allah mian gheebat pe gunah na rakhty P,D,ENG
Hahaha D Kash Allah mian gheebat pe gunah na rakhty P,Kash,URD
Hahaha D Kash Allah mian gheebat pe gunah na rakhty P,Allah,URD
Hahaha D Kash Allah mian gheebat pe gunah na rakhty P,mian,URD
Hahaha D Kash Allah mian gheebat pe gunah na rakhty P,gheebat,URD
Hahaha D Kash Allah mian gheebat pe gunah na rakhty P,pe,URD
Hahaha D Kash Allah mian gheebat pe gunah na rakhty P,gunah,URD
Hahaha D Kash Allah mian gheebat pe gunah na rakhty P,na,URD
Hahaha D Kash Allah mian gheebat pe gunah na rakhty P,rakhty,URD
Hahaha D Kash Allah mian gheebat pe gunah na rakhty P,P,ENG
Marilyn Monroe ki zindagi ke aakhri saal zehni o jazbati uljhano bemariyon aur nafsiyati masaiyl se ibarat rahe,Marilyn,ENG
Marilyn Monroe ki zindagi ke aakhri saal zehni o jazbati uljhano bemariyon aur nafsiyati masaiyl se ibarat rahe,Monroe,ENG
Marilyn Monroe ki zindagi ke aakhri saal zehni o jazbati uljhano bemariyon aur nafsiyati masaiyl se ibarat rahe,ki,URD
Marilyn Monroe ki zindagi ke aakhri saal zehni o jazbati uljhano bemariyon aur nafsiyati masaiyl se ibarat rahe,zindagi,URD
Marilyn Monroe ki zindagi ke aakhri saal zehni o jazbati uljhano bemariyon aur nafsiyati masaiyl se ibarat rahe,ke,URD
Marilyn Monroe ki zindagi ke aakhri saal zehni o jazbati uljhano bemariyon aur nafsiyati masaiyl se ibarat rahe,aakhri,URD
Marilyn Monroe ki zindagi ke aakhri saal zehni o jazbati uljhano bemariyon aur nafsiyati masaiyl se ibarat rahe,saal,URD
Marilyn Monroe ki zindagi ke aakhri saal zehni o jazbati uljhano bemariyon aur nafsiyati masaiyl se ibarat rahe,zehni,URD
Marilyn Monroe ki zindagi ke aakhri saal zehni o jazbati uljhano bemariyon aur nafsiyati masaiyl se ibarat rahe,o,ENG
Marilyn Monroe ki zindagi ke aakhri saal zehni o jazbati uljhano bemariyon aur nafsiyati masaiyl se ibarat rahe,jazbati,URD
Marilyn Monroe ki zindagi ke aakhri saal zehni o jazbati uljhano bemariyon aur nafsiyati masaiyl se ibarat rahe,uljhano,URD
Marilyn Monroe ki zindagi ke aakhri saal zehni o jazbati uljhano bemariyon aur nafsiyati masaiyl se ibarat rahe,bemariyon,URD
Marilyn Monroe ki zindagi ke aakhri saal zehni o jazbati uljhano bemariyon aur nafsiyati masaiyl se ibarat rahe,aur,URD
Marilyn Monroe ki zindagi ke aakhri saal zehni o jazbati uljhano bemariyon aur nafsiyati masaiyl se ibarat rahe,nafsiyati,URD
Marilyn Monroe ki zindagi ke aakhri saal zehni o jazbati uljhano bemariyon aur nafsiyati masaiyl se ibarat rahe,masaiyl,URD
Marilyn Monroe ki zindagi ke aakhri saal zehni o jazbati uljhano bemariyon aur nafsiyati masaiyl se ibarat rahe,se,URD
Marilyn Monroe ki zindagi ke aakhri saal zehni o jazbati uljhano bemariyon aur nafsiyati masaiyl se ibarat rahe,ibarat,URD
Marilyn Monroe ki zindagi ke aakhri saal zehni o jazbati uljhano bemariyon aur nafsiyati masaiyl se ibarat rahe,rahe,URD
Oo bhai afghan sadar America ka ha kabhi Muslim keliye kaam ni krega,Oo,ENG
Oo bhai afghan sadar America ka ha kabhi Muslim keliye kaam ni krega,bhai,URD
Oo bhai afghan sadar America ka ha kabhi Muslim keliye kaam ni krega,afghan,URD
Oo bhai afghan sadar America ka ha kabhi Muslim keliye kaam ni krega,sadar,URD
Oo bhai afghan sadar America ka ha kabhi Muslim keliye kaam ni krega,America,ENG
Oo bhai afghan sadar America ka ha kabhi Muslim keliye kaam ni krega,ka,URD
Oo bhai afghan sadar America ka ha kabhi Muslim keliye kaam ni krega,ha,ENG
Oo bhai afghan sadar America ka ha kabhi Muslim keliye kaam ni krega,kabhi,URD
Oo bhai afghan sadar America ka ha kabhi Muslim keliye kaam ni krega,Muslim,ENG
Oo bhai afghan sadar America ka ha kabhi Muslim keliye kaam ni krega,keliye,URD
Oo bhai afghan sadar America ka ha kabhi Muslim keliye kaam ni krega,kaam,URD
Oo bhai afghan sadar America ka ha kabhi Muslim keliye kaam ni krega,ni,URD
Oo bhai afghan sadar America ka ha kabhi Muslim keliye kaam ni krega,krega,URD
Meri london tou kya Pakistan mai koi property nahi,Meri,URD
Meri london tou kya Pakistan mai koi property nahi,london,ENG
Meri london tou kya Pakistan mai koi property nahi,tou,URD
Meri london tou kya Pakistan mai koi property nahi,kya,URD
Meri london tou kya Pakistan mai koi property nahi,Pakistan,ENG
Meri london tou kya Pakistan mai koi property nahi,mai,URD
Meri london tou kya Pakistan mai koi property nahi,koi,URD
Meri london tou kya Pakistan mai koi property nahi,property,ENG
Meri london tou kya Pakistan mai koi property nahi,nahi,URD
Aik Juice Bananay Wali Company Ko Packing K Lye Workers Ki Zarurat Hai,Aik,URD
Aik Juice Bananay Wali Company Ko Packing K Lye Workers Ki Zarurat Hai,Juice,ENG
Aik Juice Bananay Wali Company Ko Packing K Lye Workers Ki Zarurat Hai,Bananay,URD
Aik Juice Bananay Wali Company Ko Packing K Lye Workers Ki Zarurat Hai,Wali,URD
Aik Juice Bananay Wali Company Ko Packing K Lye Workers Ki Zarurat Hai,Company,ENG
Aik Juice Bananay Wali Company Ko Packing K Lye Workers Ki Zarurat Hai,Ko,URD
Aik Juice Bananay Wali Company Ko Packing K Lye Workers Ki Zarurat Hai,Packing,ENG
Aik Juice Bananay Wali Company Ko Packing K Lye Workers Ki Zarurat Hai,K,URD
Aik Juice Bananay Wali Company Ko Packing K Lye Workers Ki Zarurat Hai,Lye,URD
Aik Juice Bananay Wali Company Ko Packing K Lye Workers Ki Zarurat Hai,Workers,ENG
Aik Juice Bananay Wali Company Ko Packing K Lye Workers Ki Zarurat Hai,Ki,URD
Aik Juice Bananay Wali Company Ko Packing K Lye Workers Ki Zarurat Hai,Zarurat,URD
Aik Juice Bananay Wali Company Ko Packing K Lye Workers Ki Zarurat Hai,Hai,URD
Or thora sa samjh lo siyasat phir baat karo,Or,ENG
Or thora sa samjh lo siyasat phir baat karo,thora,URD
Or thora sa samjh lo siyasat phir baat karo,sa,ENG
Or thora sa samjh lo siyasat phir baat karo,samjh,URD
Or thora sa samjh lo siyasat phir baat karo,lo,URD
Or thora sa samjh lo siyasat phir baat karo,siyasat,URD
Or thora sa samjh lo siyasat phir baat karo,phir,URD
Or thora sa samjh lo siyasat phir baat karo,baat,URD
Or thora sa samjh lo siyasat phir baat karo,karo,URD
DJ tera name kia h,DJ,ENG
DJ tera name kia h,tera,URD
DJ tera name kia h,name,ENG
DJ tera name kia h,kia,URD
DJ tera name kia h,h,URD
Allah hamain aur khushian ata farmain Ameen Firna shar phalane wale say Allah hamain bachayay Ameen,Allah,URD
Allah hamain aur khushian ata farmain Ameen Firna shar phalane wale say Allah hamain bachayay Ameen,hamain,URD
Allah hamain aur khushian ata farmain Ameen Firna shar phalane wale say Allah hamain bachayay Ameen,aur,URD
Allah hamain aur khushian ata farmain Ameen Firna shar phalane wale say Allah hamain bachayay Ameen,khushian,URD
Allah hamain aur khushian ata farmain Ameen Firna shar phalane wale say Allah hamain bachayay Ameen,ata,ENG
Allah hamain aur khushian ata farmain Ameen Firna shar phalane wale say Allah hamain bachayay Ameen,farmain,URD
Allah hamain aur khushian ata farmain Ameen Firna shar phalane wale say Allah hamain bachayay Ameen,Ameen,URD
Allah hamain aur khushian ata farmain Ameen Firna shar phalane wale say Allah hamain bachayay Ameen,Firna,URD
Allah hamain aur khushian ata farmain Ameen Firna shar phalane wale say Allah hamain bachayay Ameen,shar,URD
Allah hamain aur khushian ata farmain Ameen Firna shar phalane wale say Allah hamain bachayay Ameen,phalane,URD
Allah hamain aur khushian ata farmain Ameen Firna shar phalane wale say Allah hamain bachayay Ameen,wale,URD
Allah hamain aur khushian ata farmain Ameen Firna shar phalane wale say Allah hamain bachayay Ameen,say,ENG
Allah hamain aur khushian ata farmain Ameen Firna shar phalane wale say Allah hamain bachayay Ameen,Allah,URD
Allah hamain aur khushian ata farmain Ameen Firna shar phalane wale say Allah hamain bachayay Ameen,hamain,URD
Allah hamain aur khushian ata farmain Ameen Firna shar phalane wale say Allah hamain bachayay Ameen,bachayay,URD
Allah hamain aur khushian ata farmain Ameen Firna shar phalane wale say Allah hamain bachayay Ameen,Ameen,URD
caption khass ap ky liye D,caption,URD
caption khass ap ky liye D,khass,URD
caption khass ap ky liye D,ap,URD
caption khass ap ky liye D,ky,ENG
caption khass ap ky liye D,liye,URD
caption khass ap ky liye D,D,ENG
D ap k suhbat n bigara h,D,ENG
D ap k suhbat n bigara h,ap,URD
D ap k suhbat n bigara h,k,URD
D ap k suhbat n bigara h,suhbat,URD
D ap k suhbat n bigara h,n,ENG
D ap k suhbat n bigara h,bigara,URD
D ap k suhbat n bigara h,h,URD
Ya tu ham logon ku khud muqabla karna ho ga,Ya,URD
Ya tu ham logon ku khud muqabla karna ho ga,tu,URD
Ya tu ham logon ku khud muqabla karna ho ga,ham,ENG
Ya tu ham logon ku khud muqabla karna ho ga,logon,URD
Ya tu ham logon ku khud muqabla karna ho ga,ku,URD
Ya tu ham logon ku khud muqabla karna ho ga,khud,URD
Ya tu ham logon ku khud muqabla karna ho ga,muqabla,URD
Ya tu ham logon ku khud muqabla karna ho ga,karna,URD
Ya tu ham logon ku khud muqabla karna ho ga,ho,URD
Ya tu ham logon ku khud muqabla karna ho ga,ga,ENG
Yaaaar akheeer kr gea lrkaAnd cinematography and video production lush,Yaaaar,URD
Yaaaar akheeer kr gea lrkaAnd cinematography and video production lush,akheeer,URD
Yaaaar akheeer kr gea lrkaAnd cinematography and video production lush,kr,URD
Yaaaar akheeer kr gea lrkaAnd cinematography and video production lush,gea,URD
Yaaaar akheeer kr gea lrkaAnd cinematography and video production lush,lrkaAnd,URD
Yaaaar akheeer kr gea lrkaAnd cinematography and video production lush,cinematography,URD
Yaaaar akheeer kr gea lrkaAnd cinematography and video production lush,and,ENG
Yaaaar akheeer kr gea lrkaAnd cinematography and video production lush,video,ENG
Yaaaar akheeer kr gea lrkaAnd cinematography and video production lush,production,ENG
Yaaaar akheeer kr gea lrkaAnd cinematography and video production lush,lush,URD
freshtake ko goli mar bus honk wala scene dkh D,freshtake,URD
freshtake ko goli mar bus honk wala scene dkh D,ko,URD
freshtake ko goli mar bus honk wala scene dkh D,goli,URD
freshtake ko goli mar bus honk wala scene dkh D,mar,URD
freshtake ko goli mar bus honk wala scene dkh D,bus,ENG
freshtake ko goli mar bus honk wala scene dkh D,honk,URD
freshtake ko goli mar bus honk wala scene dkh D,wala,URD
freshtake ko goli mar bus honk wala scene dkh D,scene,ENG
freshtake ko goli mar bus honk wala scene dkh D,dkh,URD
freshtake ko goli mar bus honk wala scene dkh D,D,ENG
Sir beta nzr kamzor si ho gyi hai apki esa lgta hai,Sir,ENG
Sir beta nzr kamzor si ho gyi hai apki esa lgta hai,beta,URD
Sir beta nzr kamzor si ho gyi hai apki esa lgta hai,nzr,URD
Sir beta nzr kamzor si ho gyi hai apki esa lgta hai,kamzor,URD
Sir beta nzr kamzor si ho gyi hai apki esa lgta hai,si,ENG
Sir beta nzr kamzor si ho gyi hai apki esa lgta hai,ho,URD
Sir beta nzr kamzor si ho gyi hai apki esa lgta hai,gyi,URD
Sir beta nzr kamzor si ho gyi hai apki esa lgta hai,hai,URD
Sir beta nzr kamzor si ho gyi hai apki esa lgta hai,apki,URD
Sir beta nzr kamzor si ho gyi hai apki esa lgta hai,esa,URD
Sir beta nzr kamzor si ho gyi hai apki esa lgta hai,lgta,URD
Sir beta nzr kamzor si ho gyi hai apki esa lgta hai,hai,URD
Yeah Pervez Musharraf musaraf kay kaarnamain hain,Yeah,ENG
Yeah Pervez Musharraf musaraf kay kaarnamain hain,Pervez,URD
Yeah Pervez Musharraf musaraf kay kaarnamain hain,Musharraf,URD
Yeah Pervez Musharraf musaraf kay kaarnamain hain,musaraf,URD
Yeah Pervez Musharraf musaraf kay kaarnamain hain,kay,ENG
Yeah Pervez Musharraf musaraf kay kaarnamain hain,kaarnamain,URD
Yeah Pervez Musharraf musaraf kay kaarnamain hain,hain,URD
Jahil aurat bacho ko education ke bajaye road ki bt karahi ha,Jahil,URD
Jahil aurat bacho ko education ke bajaye road ki bt karahi ha,aurat,URD
Jahil aurat bacho ko education ke bajaye road ki bt karahi ha,bacho,URD
Jahil aurat bacho ko education ke bajaye road ki bt karahi ha,ko,URD
Jahil aurat bacho ko education ke bajaye road ki bt karahi ha,education,ENG
Jahil aurat bacho ko education ke bajaye road ki bt karahi ha,ke,URD
Jahil aurat bacho ko education ke bajaye road ki bt karahi ha,bajaye,URD
Jahil aurat bacho ko education ke bajaye road ki bt karahi ha,road,ENG
Jahil aurat bacho ko education ke bajaye road ki bt karahi ha,ki,URD
Jahil aurat bacho ko education ke bajaye road ki bt karahi ha,bt,ENG
Jahil aurat bacho ko education ke bajaye road ki bt karahi ha,karahi,URD
Jahil aurat bacho ko education ke bajaye road ki bt karahi ha,ha,ENG
Plzzzzzz is drama ka end na karan hum tv,Plzzzzzz,URD
Plzzzzzz is drama ka end na karan hum tv,is,URD
Plzzzzzz is drama ka end na karan hum tv,drama,ENG
Plzzzzzz is drama ka end na karan hum tv,ka,URD
Plzzzzzz is drama ka end na karan hum tv,end,ENG
Plzzzzzz is drama ka end na karan hum tv,na,URD
Plzzzzzz is drama ka end na karan hum tv,karan,URD
Plzzzzzz is drama ka end na karan hum tv,hum,URD
Plzzzzzz is drama ka end na karan hum tv,tv,ENG
Bhoray tilo kay lia treatment may all chez miss ho rahi hay wo kia hay please pata da,Bhoray,URD
Bhoray tilo kay lia treatment may all chez miss ho rahi hay wo kia hay please pata da,tilo,URD
Bhoray tilo kay lia treatment may all chez miss ho rahi hay wo kia hay please pata da,kay,ENG
Bhoray tilo kay lia treatment may all chez miss ho rahi hay wo kia hay please pata da,lia,URD
Bhoray tilo kay lia treatment may all chez miss ho rahi hay wo kia hay please pata da,treatment,ENG
Bhoray tilo kay lia treatment may all chez miss ho rahi hay wo kia hay please pata da,may,ENG
Bhoray tilo kay lia treatment may all chez miss ho rahi hay wo kia hay please pata da,all,ENG
Bhoray tilo kay lia treatment may all chez miss ho rahi hay wo kia hay please pata da,chez,URD
Bhoray tilo kay lia treatment may all chez miss ho rahi hay wo kia hay please pata da,miss,ENG
Bhoray tilo kay lia treatment may all chez miss ho rahi hay wo kia hay please pata da,ho,URD
Bhoray tilo kay lia treatment may all chez miss ho rahi hay wo kia hay please pata da,rahi,URD
Bhoray tilo kay lia treatment may all chez miss ho rahi hay wo kia hay please pata da,hay,ENG
Bhoray tilo kay lia treatment may all chez miss ho rahi hay wo kia hay please pata da,wo,URD
Bhoray tilo kay lia treatment may all chez miss ho rahi hay wo kia hay please pata da,kia,URD
Bhoray tilo kay lia treatment may all chez miss ho rahi hay wo kia hay please pata da,hay,ENG
Bhoray tilo kay lia treatment may all chez miss ho rahi hay wo kia hay please pata da,please,ENG
Bhoray tilo kay lia treatment may all chez miss ho rahi hay wo kia hay please pata da,pata,URD
Bhoray tilo kay lia treatment may all chez miss ho rahi hay wo kia hay please pata da,da,ENG
Fazool product hai Treet hygiene ki jaga dosri product bhj datay hein,Fazool,URD
Fazool product hai Treet hygiene ki jaga dosri product bhj datay hein,product,ENG
Fazool product hai Treet hygiene ki jaga dosri product bhj datay hein,hai,URD
Fazool product hai Treet hygiene ki jaga dosri product bhj datay hein,Treet,URD
Fazool product hai Treet hygiene ki jaga dosri product bhj datay hein,hygiene,ENG
Fazool product hai Treet hygiene ki jaga dosri product bhj datay hein,ki,URD
Fazool product hai Treet hygiene ki jaga dosri product bhj datay hein,jaga,URD
Fazool product hai Treet hygiene ki jaga dosri product bhj datay hein,dosri,URD
Fazool product hai Treet hygiene ki jaga dosri product bhj datay hein,product,ENG
Fazool product hai Treet hygiene ki jaga dosri product bhj datay hein,bhj,URD
Fazool product hai Treet hygiene ki jaga dosri product bhj datay hein,datay,URD
Fazool product hai Treet hygiene ki jaga dosri product bhj datay hein,hein,URD
Oye hoye sab di shadiya Wah wah mola apko khushya ata kare Ameen,Oye,URD
Oye hoye sab di shadiya Wah wah mola apko khushya ata kare Ameen,hoye,URD
Oye hoye sab di shadiya Wah wah mola apko khushya ata kare Ameen,sab,URD
Oye hoye sab di shadiya Wah wah mola apko khushya ata kare Ameen,di,ENG
Oye hoye sab di shadiya Wah wah mola apko khushya ata kare Ameen,shadiya,URD
Oye hoye sab di shadiya Wah wah mola apko khushya ata kare Ameen,Wah,URD
Oye hoye sab di shadiya Wah wah mola apko khushya ata kare Ameen,wah,URD
Oye hoye sab di shadiya Wah wah mola apko khushya ata kare Ameen,mola,URD
Oye hoye sab di shadiya Wah wah mola apko khushya ata kare Ameen,apko,URD
Oye hoye sab di shadiya Wah wah mola apko khushya ata kare Ameen,khushya,URD
Oye hoye sab di shadiya Wah wah mola apko khushya ata kare Ameen,ata,ENG
Oye hoye sab di shadiya Wah wah mola apko khushya ata kare Ameen,kare,URD
Oye hoye sab di shadiya Wah wah mola apko khushya ata kare Ameen,Ameen,URD
Yeh Tum ho Tumhari Picture Tumhari crush ko Send Karni pharegi,Yeh,URD
Yeh Tum ho Tumhari Picture Tumhari crush ko Send Karni pharegi,Tum,URD
Yeh Tum ho Tumhari Picture Tumhari crush ko Send Karni pharegi,ho,URD
Yeh Tum ho Tumhari Picture Tumhari crush ko Send Karni pharegi,Tumhari,URD
Yeh Tum ho Tumhari Picture Tumhari crush ko Send Karni pharegi,Picture,ENG
Yeh Tum ho Tumhari Picture Tumhari crush ko Send Karni pharegi,Tumhari,URD
Yeh Tum ho Tumhari Picture Tumhari crush ko Send Karni pharegi,crush,URD
Yeh Tum ho Tumhari Picture Tumhari crush ko Send Karni pharegi,ko,URD
Yeh Tum ho Tumhari Picture Tumhari crush ko Send Karni pharegi,Send,ENG
Yeh Tum ho Tumhari Picture Tumhari crush ko Send Karni pharegi,Karni,URD
Yeh Tum ho Tumhari Picture Tumhari crush ko Send Karni pharegi,pharegi,URD
hahahahaha D bohut allaw yar Y,hahahahaha,URD
hahahahaha D bohut allaw yar Y,D,ENG
hahahahaha D bohut allaw yar Y,bohut,URD
hahahahaha D bohut allaw yar Y,allaw,URD
hahahahaha D bohut allaw yar Y,yar,URD
hahahahaha D bohut allaw yar Y,Y,ENG
ye sir agha or mam saba k leye,ye,URD
ye sir agha or mam saba k leye,sir,ENG
ye sir agha or mam saba k leye,agha,URD
ye sir agha or mam saba k leye,or,ENG
ye sir agha or mam saba k leye,mam,URD
ye sir agha or mam saba k leye,saba,URD
ye sir agha or mam saba k leye,k,URD
ye sir agha or mam saba k leye,leye,URD
Ye what wala madiam size,Ye,URD
Ye what wala madiam size,what,ENG
Ye what wala madiam size,wala,URD
Ye what wala madiam size,madiam,URD
Ye what wala madiam size,size,ENG
etne pesoon main to ksi gaoon dehat main acha ca school benskta tha,etne,URD
etne pesoon main to ksi gaoon dehat main acha ca school benskta tha,pesoon,URD
etne pesoon main to ksi gaoon dehat main acha ca school benskta tha,main,URD
etne pesoon main to ksi gaoon dehat main acha ca school benskta tha,to,ENG
etne pesoon main to ksi gaoon dehat main acha ca school benskta tha,ksi,URD
etne pesoon main to ksi gaoon dehat main acha ca school benskta tha,gaoon,URD
etne pesoon main to ksi gaoon dehat main acha ca school benskta tha,dehat,URD
etne pesoon main to ksi gaoon dehat main acha ca school benskta tha,main,URD
etne pesoon main to ksi gaoon dehat main acha ca school benskta tha,acha,URD
etne pesoon main to ksi gaoon dehat main acha ca school benskta tha,ca,ENG
etne pesoon main to ksi gaoon dehat main acha ca school benskta tha,school,ENG
etne pesoon main to ksi gaoon dehat main acha ca school benskta tha,benskta,URD
etne pesoon main to ksi gaoon dehat main acha ca school benskta tha,tha,URD
Krhe t tm nai mili behn,Krhe,URD
Krhe t tm nai mili behn,t,ENG
Krhe t tm nai mili behn,tm,ENG
Krhe t tm nai mili behn,nai,URD
Krhe t tm nai mili behn,mili,URD
Krhe t tm nai mili behn,behn,URD
Log Gariyaan Band Ker K Be Bus Kharay Hein,Log,URD
Log Gariyaan Band Ker K Be Bus Kharay Hein,Gariyaan,URD
Log Gariyaan Band Ker K Be Bus Kharay Hein,Band,ENG
Log Gariyaan Band Ker K Be Bus Kharay Hein,Ker,URD
Log Gariyaan Band Ker K Be Bus Kharay Hein,K,URD
Log Gariyaan Band Ker K Be Bus Kharay Hein,Be,ENG
Log Gariyaan Band Ker K Be Bus Kharay Hein,Bus,ENG
Log Gariyaan Band Ker K Be Bus Kharay Hein,Kharay,URD
Log Gariyaan Band Ker K Be Bus Kharay Hein,Hein,URD
kdr ho noon leage walo imran k sajde ko shirk or ab amal ko kia name den,kdr,URD
kdr ho noon leage walo imran k sajde ko shirk or ab amal ko kia name den,ho,URD
kdr ho noon leage walo imran k sajde ko shirk or ab amal ko kia name den,noon,ENG
kdr ho noon leage walo imran k sajde ko shirk or ab amal ko kia name den,leage,URD
kdr ho noon leage walo imran k sajde ko shirk or ab amal ko kia name den,walo,URD
kdr ho noon leage walo imran k sajde ko shirk or ab amal ko kia name den,imran,URD
kdr ho noon leage walo imran k sajde ko shirk or ab amal ko kia name den,k,URD
kdr ho noon leage walo imran k sajde ko shirk or ab amal ko kia name den,sajde,URD
kdr ho noon leage walo imran k sajde ko shirk or ab amal ko kia name den,ko,URD
kdr ho noon leage walo imran k sajde ko shirk or ab amal ko kia name den,shirk,URD
kdr ho noon leage walo imran k sajde ko shirk or ab amal ko kia name den,or,ENG
kdr ho noon leage walo imran k sajde ko shirk or ab amal ko kia name den,ab,URD
kdr ho noon leage walo imran k sajde ko shirk or ab amal ko kia name den,amal,URD
kdr ho noon leage walo imran k sajde ko shirk or ab amal ko kia name den,ko,URD
kdr ho noon leage walo imran k sajde ko shirk or ab amal ko kia name den,kia,URD
kdr ho noon leage walo imran k sajde ko shirk or ab amal ko kia name den,name,ENG
kdr ho noon leage walo imran k sajde ko shirk or ab amal ko kia name den,den,ENG
Waise team ke logon ne to bohat tareef ki hai jis se mera hausla barha,Waise,URD
Waise team ke logon ne to bohat tareef ki hai jis se mera hausla barha,team,ENG
Waise team ke logon ne to bohat tareef ki hai jis se mera hausla barha,ke,URD
Waise team ke logon ne to bohat tareef ki hai jis se mera hausla barha,logon,URD
Waise team ke logon ne to bohat tareef ki hai jis se mera hausla barha,ne,URD
Waise team ke logon ne to bohat tareef ki hai jis se mera hausla barha,to,ENG
Waise team ke logon ne to bohat tareef ki hai jis se mera hausla barha,bohat,URD
Waise team ke logon ne to bohat tareef ki hai jis se mera hausla barha,tareef,URD
Waise team ke logon ne to bohat tareef ki hai jis se mera hausla barha,ki,URD
Waise team ke logon ne to bohat tareef ki hai jis se mera hausla barha,hai,URD
Waise team ke logon ne to bohat tareef ki hai jis se mera hausla barha,jis,URD
Waise team ke logon ne to bohat tareef ki hai jis se mera hausla barha,se,URD
Waise team ke logon ne to bohat tareef ki hai jis se mera hausla barha,mera,URD
Waise team ke logon ne to bohat tareef ki hai jis se mera hausla barha,hausla,URD
Waise team ke logon ne to bohat tareef ki hai jis se mera hausla barha,barha,URD
Oh yes Jis ne face pe aata mala hoa hota hai Haina,Oh,ENG
Oh yes Jis ne face pe aata mala hoa hota hai Haina,yes,ENG
Oh yes Jis ne face pe aata mala hoa hota hai Haina,Jis,URD
Oh yes Jis ne face pe aata mala hoa hota hai Haina,ne,URD
Oh yes Jis ne face pe aata mala hoa hota hai Haina,face,ENG
Oh yes Jis ne face pe aata mala hoa hota hai Haina,pe,URD
Oh yes Jis ne face pe aata mala hoa hota hai Haina,aata,URD
Oh yes Jis ne face pe aata mala hoa hota hai Haina,mala,URD
Oh yes Jis ne face pe aata mala hoa hota hai Haina,hoa,URD
Oh yes Jis ne face pe aata mala hoa hota hai Haina,hota,URD
Oh yes Jis ne face pe aata mala hoa hota hai Haina,hai,URD
Oh yes Jis ne face pe aata mala hoa hota hai Haina,Haina,URD
Mujhe nahi lagta ke aik hi jote bar bar pehnne mein koi borai hai,Mujhe,URD
Mujhe nahi lagta ke aik hi jote bar bar pehnne mein koi borai hai,nahi,URD
Mujhe nahi lagta ke aik hi jote bar bar pehnne mein koi borai hai,lagta,URD
Mujhe nahi lagta ke aik hi jote bar bar pehnne mein koi borai hai,ke,URD
Mujhe nahi lagta ke aik hi jote bar bar pehnne mein koi borai hai,aik,URD
Mujhe nahi lagta ke aik hi jote bar bar pehnne mein koi borai hai,hi,URD
Mujhe nahi lagta ke aik hi jote bar bar pehnne mein koi borai hai,jote,URD
Mujhe nahi lagta ke aik hi jote bar bar pehnne mein koi borai hai,bar,ENG
Mujhe nahi lagta ke aik hi jote bar bar pehnne mein koi borai hai,bar,ENG
Mujhe nahi lagta ke aik hi jote bar bar pehnne mein koi borai hai,pehnne,URD
Mujhe nahi lagta ke aik hi jote bar bar pehnne mein koi borai hai,mein,URD
Mujhe nahi lagta ke aik hi jote bar bar pehnne mein koi borai hai,koi,URD
Mujhe nahi lagta ke aik hi jote bar bar pehnne mein koi borai hai,borai,URD
Mujhe nahi lagta ke aik hi jote bar bar pehnne mein koi borai hai,hai,URD
acha product hai skin k lie,acha,URD
acha product hai skin k lie,product,ENG
acha product hai skin k lie,hai,URD
acha product hai skin k lie,skin,ENG
acha product hai skin k lie,k,URD
acha product hai skin k lie,lie,ENG
Ohhhhh acha kiya h fr to,Ohhhhh,URD
Ohhhhh acha kiya h fr to,acha,URD
Ohhhhh acha kiya h fr to,kiya,URD
Ohhhhh acha kiya h fr to,h,URD
Ohhhhh acha kiya h fr to,fr,ENG
Ohhhhh acha kiya h fr to,to,ENG
Send krdi bacho ro nahi shabash,Send,ENG
Send krdi bacho ro nahi shabash,krdi,URD
Send krdi bacho ro nahi shabash,bacho,URD
Send krdi bacho ro nahi shabash,ro,ENG
Send krdi bacho ro nahi shabash,nahi,URD
Send krdi bacho ro nahi shabash,shabash,URD
News MNA Ejaz Jakhrani k gaurd ka student per tashadud,News,ENG
News MNA Ejaz Jakhrani k gaurd ka student per tashadud,MNA,URD
News MNA Ejaz Jakhrani k gaurd ka student per tashadud,Ejaz,URD
News MNA Ejaz Jakhrani k gaurd ka student per tashadud,Jakhrani,URD
News MNA Ejaz Jakhrani k gaurd ka student per tashadud,k,URD
News MNA Ejaz Jakhrani k gaurd ka student per tashadud,gaurd,URD
News MNA Ejaz Jakhrani k gaurd ka student per tashadud,ka,URD
News MNA Ejaz Jakhrani k gaurd ka student per tashadud,student,ENG
News MNA Ejaz Jakhrani k gaurd ka student per tashadud,per,URD
News MNA Ejaz Jakhrani k gaurd ka student per tashadud,tashadud,URD
bohat maza aya acha timing bhi achi deta hai material bhi acha hai,bohat,URD
bohat maza aya acha timing bhi achi deta hai material bhi acha hai,maza,URD
bohat maza aya acha timing bhi achi deta hai material bhi acha hai,aya,URD
bohat maza aya acha timing bhi achi deta hai material bhi acha hai,acha,URD
bohat maza aya acha timing bhi achi deta hai material bhi acha hai,timing,ENG
bohat maza aya acha timing bhi achi deta hai material bhi acha hai,bhi,URD
bohat maza aya acha timing bhi achi deta hai material bhi acha hai,achi,URD
bohat maza aya acha timing bhi achi deta hai material bhi acha hai,deta,URD
bohat maza aya acha timing bhi achi deta hai material bhi acha hai,hai,URD
bohat maza aya acha timing bhi achi deta hai material bhi acha hai,material,ENG
bohat maza aya acha timing bhi achi deta hai material bhi acha hai,bhi,URD
bohat maza aya acha timing bhi achi deta hai material bhi acha hai,acha,URD
bohat maza aya acha timing bhi achi deta hai material bhi acha hai,hai,URD
Black mai hai ye design,Black,ENG
Black mai hai ye design,mai,URD
Black mai hai ye design,hai,URD
Black mai hai ye design,ye,URD
Black mai hai ye design,design,ENG
Abi to party shuro hoye h,Abi,URD
Abi to party shuro hoye h,to,ENG
Abi to party shuro hoye h,party,ENG
Abi to party shuro hoye h,shuro,URD
Abi to party shuro hoye h,hoye,URD
Abi to party shuro hoye h,h,URD
Plz dow kar da mary or mary ghar waloo ka lia,Plz,URD
Plz dow kar da mary or mary ghar waloo ka lia,dow,ENG
Plz dow kar da mary or mary ghar waloo ka lia,kar,URD
Plz dow kar da mary or mary ghar waloo ka lia,da,ENG
Plz dow kar da mary or mary ghar waloo ka lia,mary,URD
Plz dow kar da mary or mary ghar waloo ka lia,or,ENG
Plz dow kar da mary or mary ghar waloo ka lia,mary,URD
Plz dow kar da mary or mary ghar waloo ka lia,ghar,URD
Plz dow kar da mary or mary ghar waloo ka lia,waloo,URD
Plz dow kar da mary or mary ghar waloo ka lia,ka,URD
Plz dow kar da mary or mary ghar waloo ka lia,lia,URD
Bus yeh wala scene dekh lein pliss plis pliss,Bus,ENG
Bus yeh wala scene dekh lein pliss plis pliss,yeh,URD
Bus yeh wala scene dekh lein pliss plis pliss,wala,URD
Bus yeh wala scene dekh lein pliss plis pliss,scene,ENG
Bus yeh wala scene dekh lein pliss plis pliss,dekh,URD
Bus yeh wala scene dekh lein pliss plis pliss,lein,URD
Bus yeh wala scene dekh lein pliss plis pliss,pliss,URD
Bus yeh wala scene dekh lein pliss plis pliss,plis,URD
Bus yeh wala scene dekh lein pliss plis pliss,pliss,URD
Khaye pete khandan ke fard the,Khaye,URD
Khaye pete khandan ke fard the,pete,ENG
Khaye pete khandan ke fard the,khandan,URD
Khaye pete khandan ke fard the,ke,URD
Khaye pete khandan ke fard the,fard,URD
Khaye pete khandan ke fard the,the,ENG
Qayam e Pakistan ke baad woh royal Pakistan Air Force mein Squash coach tayenat huye,Qayam,URD
Qayam e Pakistan ke baad woh royal Pakistan Air Force mein Squash coach tayenat huye,e,ENG
Qayam e Pakistan ke baad woh royal Pakistan Air Force mein Squash coach tayenat huye,Pakistan,ENG
Qayam e Pakistan ke baad woh royal Pakistan Air Force mein Squash coach tayenat huye,ke,URD
Qayam e Pakistan ke baad woh royal Pakistan Air Force mein Squash coach tayenat huye,baad,URD
Qayam e Pakistan ke baad woh royal Pakistan Air Force mein Squash coach tayenat huye,woh,URD
Qayam e Pakistan ke baad woh royal Pakistan Air Force mein Squash coach tayenat huye,royal,ENG
Qayam e Pakistan ke baad woh royal Pakistan Air Force mein Squash coach tayenat huye,Pakistan,ENG
Qayam e Pakistan ke baad woh royal Pakistan Air Force mein Squash coach tayenat huye,Air,ENG
Qayam e Pakistan ke baad woh royal Pakistan Air Force mein Squash coach tayenat huye,Force,ENG
Qayam e Pakistan ke baad woh royal Pakistan Air Force mein Squash coach tayenat huye,mein,URD
Qayam e Pakistan ke baad woh royal Pakistan Air Force mein Squash coach tayenat huye,Squash,URD
Qayam e Pakistan ke baad woh royal Pakistan Air Force mein Squash coach tayenat huye,coach,ENG
Qayam e Pakistan ke baad woh royal Pakistan Air Force mein Squash coach tayenat huye,tayenat,URD
Qayam e Pakistan ke baad woh royal Pakistan Air Force mein Squash coach tayenat huye,huye,URD
Tum logo ki itni oqat b ni thi afsosatleast we have a chance but you lahori khotyy,Tum,URD
Tum logo ki itni oqat b ni thi afsosatleast we have a chance but you lahori khotyy,logo,URD
Tum logo ki itni oqat b ni thi afsosatleast we have a chance but you lahori khotyy,ki,URD
Tum logo ki itni oqat b ni thi afsosatleast we have a chance but you lahori khotyy,itni,URD
Tum logo ki itni oqat b ni thi afsosatleast we have a chance but you lahori khotyy,oqat,URD
Tum logo ki itni oqat b ni thi afsosatleast we have a chance but you lahori khotyy,b,URD
Tum logo ki itni oqat b ni thi afsosatleast we have a chance but you lahori khotyy,ni,URD
Tum logo ki itni oqat b ni thi afsosatleast we have a chance but you lahori khotyy,thi,URD
Tum logo ki itni oqat b ni thi afsosatleast we have a chance but you lahori khotyy,afsosatleast,URD
Tum logo ki itni oqat b ni thi afsosatleast we have a chance but you lahori khotyy,we,ENG
Tum logo ki itni oqat b ni thi afsosatleast we have a chance but you lahori khotyy,have,ENG
Tum logo ki itni oqat b ni thi afsosatleast we have a chance but you lahori khotyy,a,ENG
Tum logo ki itni oqat b ni thi afsosatleast we have a chance but you lahori khotyy,chance,ENG
Tum logo ki itni oqat b ni thi afsosatleast we have a chance but you lahori khotyy,but,ENG
Tum logo ki itni oqat b ni thi afsosatleast we have a chance but you lahori khotyy,you,ENG
Tum logo ki itni oqat b ni thi afsosatleast we have a chance but you lahori khotyy,lahori,URD
Tum logo ki itni oqat b ni thi afsosatleast we have a chance but you lahori khotyy,khotyy,URD
Ghr wle man Jaye ge,Ghr,URD
Ghr wle man Jaye ge,wle,URD
Ghr wle man Jaye ge,man,ENG
Ghr wle man Jaye ge,Jaye,URD
Ghr wle man Jaye ge,ge,ENG
aj show me ana plz me ap ko waha dekhunga,aj,URD
aj show me ana plz me ap ko waha dekhunga,show,ENG
aj show me ana plz me ap ko waha dekhunga,me,ENG
aj show me ana plz me ap ko waha dekhunga,ana,ENG
aj show me ana plz me ap ko waha dekhunga,plz,URD
aj show me ana plz me ap ko waha dekhunga,me,ENG
aj show me ana plz me ap ko waha dekhunga,ap,URD
aj show me ana plz me ap ko waha dekhunga,ko,URD
aj show me ana plz me ap ko waha dekhunga,waha,URD
aj show me ana plz me ap ko waha dekhunga,dekhunga,URD
uff u sheer walon ka kya ho ga Allah inko choroon sy bachaye,uff,URD
uff u sheer walon ka kya ho ga Allah inko choroon sy bachaye,u,ENG
uff u sheer walon ka kya ho ga Allah inko choroon sy bachaye,sheer,ENG
uff u sheer walon ka kya ho ga Allah inko choroon sy bachaye,walon,URD
uff u sheer walon ka kya ho ga Allah inko choroon sy bachaye,ka,URD
uff u sheer walon ka kya ho ga Allah inko choroon sy bachaye,kya,URD
uff u sheer walon ka kya ho ga Allah inko choroon sy bachaye,ho,URD
uff u sheer walon ka kya ho ga Allah inko choroon sy bachaye,ga,ENG
uff u sheer walon ka kya ho ga Allah inko choroon sy bachaye,Allah,URD
uff u sheer walon ka kya ho ga Allah inko choroon sy bachaye,inko,URD
uff u sheer walon ka kya ho ga Allah inko choroon sy bachaye,choroon,URD
uff u sheer walon ka kya ho ga Allah inko choroon sy bachaye,sy,URD
uff u sheer walon ka kya ho ga Allah inko choroon sy bachaye,bachaye,URD
khas tor pr CHEMISTRY N PHYSICS K MCQS,khas,URD
khas tor pr CHEMISTRY N PHYSICS K MCQS,tor,URD
khas tor pr CHEMISTRY N PHYSICS K MCQS,pr,ENG
khas tor pr CHEMISTRY N PHYSICS K MCQS,CHEMISTRY,ENG
khas tor pr CHEMISTRY N PHYSICS K MCQS,N,ENG
khas tor pr CHEMISTRY N PHYSICS K MCQS,PHYSICS,ENG
khas tor pr CHEMISTRY N PHYSICS K MCQS,K,URD
khas tor pr CHEMISTRY N PHYSICS K MCQS,MCQS,URD
Arts Council Zainab Mkt Regal Or Tibet Center Per Rangers Ki Nakabandi Motor Cycle Sawaro Se Pooch Guch,Arts,ENG
Arts Council Zainab Mkt Regal Or Tibet Center Per Rangers Ki Nakabandi Motor Cycle Sawaro Se Pooch Guch,Council,ENG
Arts Council Zainab Mkt Regal Or Tibet Center Per Rangers Ki Nakabandi Motor Cycle Sawaro Se Pooch Guch,Zainab,URD
Arts Council Zainab Mkt Regal Or Tibet Center Per Rangers Ki Nakabandi Motor Cycle Sawaro Se Pooch Guch,Mkt,URD
Arts Council Zainab Mkt Regal Or Tibet Center Per Rangers Ki Nakabandi Motor Cycle Sawaro Se Pooch Guch,Regal,URD
Arts Council Zainab Mkt Regal Or Tibet Center Per Rangers Ki Nakabandi Motor Cycle Sawaro Se Pooch Guch,Or,ENG
Arts Council Zainab Mkt Regal Or Tibet Center Per Rangers Ki Nakabandi Motor Cycle Sawaro Se Pooch Guch,Tibet,URD
Arts Council Zainab Mkt Regal Or Tibet Center Per Rangers Ki Nakabandi Motor Cycle Sawaro Se Pooch Guch,Center,ENG
Arts Council Zainab Mkt Regal Or Tibet Center Per Rangers Ki Nakabandi Motor Cycle Sawaro Se Pooch Guch,Per,URD
Arts Council Zainab Mkt Regal Or Tibet Center Per Rangers Ki Nakabandi Motor Cycle Sawaro Se Pooch Guch,Rangers,ENG
Arts Council Zainab Mkt Regal Or Tibet Center Per Rangers Ki Nakabandi Motor Cycle Sawaro Se Pooch Guch,Ki,URD
Arts Council Zainab Mkt Regal Or Tibet Center Per Rangers Ki Nakabandi Motor Cycle Sawaro Se Pooch Guch,Nakabandi,URD
Arts Council Zainab Mkt Regal Or Tibet Center Per Rangers Ki Nakabandi Motor Cycle Sawaro Se Pooch Guch,Motor,ENG
Arts Council Zainab Mkt Regal Or Tibet Center Per Rangers Ki Nakabandi Motor Cycle Sawaro Se Pooch Guch,Cycle,ENG
Arts Council Zainab Mkt Regal Or Tibet Center Per Rangers Ki Nakabandi Motor Cycle Sawaro Se Pooch Guch,Sawaro,URD
Arts Council Zainab Mkt Regal Or Tibet Center Per Rangers Ki Nakabandi Motor Cycle Sawaro Se Pooch Guch,Se,URD
Arts Council Zainab Mkt Regal Or Tibet Center Per Rangers Ki Nakabandi Motor Cycle Sawaro Se Pooch Guch,Pooch,URD
Arts Council Zainab Mkt Regal Or Tibet Center Per Rangers Ki Nakabandi Motor Cycle Sawaro Se Pooch Guch,Guch,URD
Punjab company mein Major Muhammad Akram Shaheed ne teen saal guzare,Punjab,URD
Punjab company mein Major Muhammad Akram Shaheed ne teen saal guzare,company,ENG
Punjab company mein Major Muhammad Akram Shaheed ne teen saal guzare,mein,URD
Punjab company mein Major Muhammad Akram Shaheed ne teen saal guzare,Major,ENG
Punjab company mein Major Muhammad Akram Shaheed ne teen saal guzare,Muhammad,URD
Punjab company mein Major Muhammad Akram Shaheed ne teen saal guzare,Akram,URD
Punjab company mein Major Muhammad Akram Shaheed ne teen saal guzare,Shaheed,URD
Punjab company mein Major Muhammad Akram Shaheed ne teen saal guzare,ne,URD
Punjab company mein Major Muhammad Akram Shaheed ne teen saal guzare,teen,ENG
Punjab company mein Major Muhammad Akram Shaheed ne teen saal guzare,saal,URD
Punjab company mein Major Muhammad Akram Shaheed ne teen saal guzare,guzare,URD
Usi dauran inho ne University of Southern California mein film direction ka mazmoon parhana shuru kar diya,Usi,URD
Usi dauran inho ne University of Southern California mein film direction ka mazmoon parhana shuru kar diya,dauran,URD
Usi dauran inho ne University of Southern California mein film direction ka mazmoon parhana shuru kar diya,inho,URD
Usi dauran inho ne University of Southern California mein film direction ka mazmoon parhana shuru kar diya,ne,URD
Usi dauran inho ne University of Southern California mein film direction ka mazmoon parhana shuru kar diya,University,ENG
Usi dauran inho ne University of Southern California mein film direction ka mazmoon parhana shuru kar diya,of,ENG
Usi dauran inho ne University of Southern California mein film direction ka mazmoon parhana shuru kar diya,Southern,ENG
Usi dauran inho ne University of Southern California mein film direction ka mazmoon parhana shuru kar diya,California,ENG
Usi dauran inho ne University of Southern California mein film direction ka mazmoon parhana shuru kar diya,mein,URD
Usi dauran inho ne University of Southern California mein film direction ka mazmoon parhana shuru kar diya,film,ENG
Usi dauran inho ne University of Southern California mein film direction ka mazmoon parhana shuru kar diya,direction,ENG
Usi dauran inho ne University of Southern California mein film direction ka mazmoon parhana shuru kar diya,ka,URD
Usi dauran inho ne University of Southern California mein film direction ka mazmoon parhana shuru kar diya,mazmoon,URD
Usi dauran inho ne University of Southern California mein film direction ka mazmoon parhana shuru kar diya,parhana,URD
Usi dauran inho ne University of Southern California mein film direction ka mazmoon parhana shuru kar diya,shuru,URD
Usi dauran inho ne University of Southern California mein film direction ka mazmoon parhana shuru kar diya,kar,URD
Usi dauran inho ne University of Southern California mein film direction ka mazmoon parhana shuru kar diya,diya,URD
Mahreen ne iss series ko world champion ship series qarar diya tha,Mahreen,URD
Mahreen ne iss series ko world champion ship series qarar diya tha,ne,URD
Mahreen ne iss series ko world champion ship series qarar diya tha,iss,URD
Mahreen ne iss series ko world champion ship series qarar diya tha,series,ENG
Mahreen ne iss series ko world champion ship series qarar diya tha,ko,URD
Mahreen ne iss series ko world champion ship series qarar diya tha,world,ENG
Mahreen ne iss series ko world champion ship series qarar diya tha,champion,ENG
Mahreen ne iss series ko world champion ship series qarar diya tha,ship,ENG
Mahreen ne iss series ko world champion ship series qarar diya tha,series,ENG
Mahreen ne iss series ko world champion ship series qarar diya tha,qarar,URD
Mahreen ne iss series ko world champion ship series qarar diya tha,diya,URD
Mahreen ne iss series ko world champion ship series qarar diya tha,tha,URD
tum great ho brother aaaallllaaaa,tum,URD
tum great ho brother aaaallllaaaa,great,ENG
tum great ho brother aaaallllaaaa,ho,URD
tum great ho brother aaaallllaaaa,brother,ENG
tum great ho brother aaaallllaaaa,aaaallllaaaa,URD
Iss shadi ka shurat puri duniya mein huwa international media nay iss ko khusosi ahmiyat di,Iss,URD
Iss shadi ka shurat puri duniya mein huwa international media nay iss ko khusosi ahmiyat di,shadi,URD
Iss shadi ka shurat puri duniya mein huwa international media nay iss ko khusosi ahmiyat di,ka,URD
Iss shadi ka shurat puri duniya mein huwa international media nay iss ko khusosi ahmiyat di,shurat,URD
Iss shadi ka shurat puri duniya mein huwa international media nay iss ko khusosi ahmiyat di,puri,URD
Iss shadi ka shurat puri duniya mein huwa international media nay iss ko khusosi ahmiyat di,duniya,URD
Iss shadi ka shurat puri duniya mein huwa international media nay iss ko khusosi ahmiyat di,mein,URD
Iss shadi ka shurat puri duniya mein huwa international media nay iss ko khusosi ahmiyat di,huwa,URD
Iss shadi ka shurat puri duniya mein huwa international media nay iss ko khusosi ahmiyat di,international,ENG
Iss shadi ka shurat puri duniya mein huwa international media nay iss ko khusosi ahmiyat di,media,ENG
Iss shadi ka shurat puri duniya mein huwa international media nay iss ko khusosi ahmiyat di,nay,URD
Iss shadi ka shurat puri duniya mein huwa international media nay iss ko khusosi ahmiyat di,iss,URD
Iss shadi ka shurat puri duniya mein huwa international media nay iss ko khusosi ahmiyat di,ko,URD
Iss shadi ka shurat puri duniya mein huwa international media nay iss ko khusosi ahmiyat di,khusosi,URD
Iss shadi ka shurat puri duniya mein huwa international media nay iss ko khusosi ahmiyat di,ahmiyat,URD
Iss shadi ka shurat puri duniya mein huwa international media nay iss ko khusosi ahmiyat di,di,ENG
Yeh wo waqt tha ke Pakistan mein ziyada log in ke naam se aashna nahi the,Yeh,URD
Yeh wo waqt tha ke Pakistan mein ziyada log in ke naam se aashna nahi the,wo,URD
Yeh wo waqt tha ke Pakistan mein ziyada log in ke naam se aashna nahi the,waqt,URD
Yeh wo waqt tha ke Pakistan mein ziyada log in ke naam se aashna nahi the,tha,URD
Yeh wo waqt tha ke Pakistan mein ziyada log in ke naam se aashna nahi the,ke,URD
Yeh wo waqt tha ke Pakistan mein ziyada log in ke naam se aashna nahi the,Pakistan,ENG
Yeh wo waqt tha ke Pakistan mein ziyada log in ke naam se aashna nahi the,mein,URD
Yeh wo waqt tha ke Pakistan mein ziyada log in ke naam se aashna nahi the,ziyada,URD
Yeh wo waqt tha ke Pakistan mein ziyada log in ke naam se aashna nahi the,log,URD
Yeh wo waqt tha ke Pakistan mein ziyada log in ke naam se aashna nahi the,in,URD
Yeh wo waqt tha ke Pakistan mein ziyada log in ke naam se aashna nahi the,ke,URD
Yeh wo waqt tha ke Pakistan mein ziyada log in ke naam se aashna nahi the,naam,URD
Yeh wo waqt tha ke Pakistan mein ziyada log in ke naam se aashna nahi the,se,URD
Yeh wo waqt tha ke Pakistan mein ziyada log in ke naam se aashna nahi the,aashna,URD
Yeh wo waqt tha ke Pakistan mein ziyada log in ke naam se aashna nahi the,nahi,URD
Yeh wo waqt tha ke Pakistan mein ziyada log in ke naam se aashna nahi the,the,ENG
Bhai baat tharak pan ki hoti to man leta Ye na manzoor na manzoor,Bhai,URD
Bhai baat tharak pan ki hoti to man leta Ye na manzoor na manzoor,baat,URD
Bhai baat tharak pan ki hoti to man leta Ye na manzoor na manzoor,tharak,URD
Bhai baat tharak pan ki hoti to man leta Ye na manzoor na manzoor,pan,ENG
Bhai baat tharak pan ki hoti to man leta Ye na manzoor na manzoor,ki,URD
Bhai baat tharak pan ki hoti to man leta Ye na manzoor na manzoor,hoti,URD
Bhai baat tharak pan ki hoti to man leta Ye na manzoor na manzoor,to,ENG
Bhai baat tharak pan ki hoti to man leta Ye na manzoor na manzoor,man,ENG
Bhai baat tharak pan ki hoti to man leta Ye na manzoor na manzoor,leta,URD
Bhai baat tharak pan ki hoti to man leta Ye na manzoor na manzoor,Ye,URD
Bhai baat tharak pan ki hoti to man leta Ye na manzoor na manzoor,na,URD
Bhai baat tharak pan ki hoti to man leta Ye na manzoor na manzoor,manzoor,URD
Bhai baat tharak pan ki hoti to man leta Ye na manzoor na manzoor,na,URD
Bhai baat tharak pan ki hoti to man leta Ye na manzoor na manzoor,manzoor,URD
Vital Vital Zee lahnat tery poray khandan par Haram k Harami,Vital,ENG
Vital Vital Zee lahnat tery poray khandan par Haram k Harami,Vital,ENG
Vital Vital Zee lahnat tery poray khandan par Haram k Harami,Zee,URD
Vital Vital Zee lahnat tery poray khandan par Haram k Harami,lahnat,URD
Vital Vital Zee lahnat tery poray khandan par Haram k Harami,tery,URD
Vital Vital Zee lahnat tery poray khandan par Haram k Harami,poray,URD
Vital Vital Zee lahnat tery poray khandan par Haram k Harami,khandan,URD
Vital Vital Zee lahnat tery poray khandan par Haram k Harami,par,URD
Vital Vital Zee lahnat tery poray khandan par Haram k Harami,Haram,URD
Vital Vital Zee lahnat tery poray khandan par Haram k Harami,k,URD
Vital Vital Zee lahnat tery poray khandan par Haram k Harami,Harami,URD
Wow rude ik chikni chameli ok,Wow,ENG
Wow rude ik chikni chameli ok,rude,URD
Wow rude ik chikni chameli ok,ik,URD
Wow rude ik chikni chameli ok,chikni,URD
Wow rude ik chikni chameli ok,chameli,URD
Wow rude ik chikni chameli ok,ok,ENG
Honestly Bht fine heez bnayi hai Level,Honestly,URD
Honestly Bht fine heez bnayi hai Level,Bht,URD
Honestly Bht fine heez bnayi hai Level,fine,ENG
Honestly Bht fine heez bnayi hai Level,heez,URD
Honestly Bht fine heez bnayi hai Level,bnayi,URD
Honestly Bht fine heez bnayi hai Level,hai,URD
Honestly Bht fine heez bnayi hai Level,Level,ENG
As lya ma tyr hi ni hoti,As,ENG
As lya ma tyr hi ni hoti,lya,URD
As lya ma tyr hi ni hoti,ma,ENG
As lya ma tyr hi ni hoti,tyr,URD
As lya ma tyr hi ni hoti,hi,URD
As lya ma tyr hi ni hoti,ni,URD
As lya ma tyr hi ni hoti,hoti,URD
Ahmed Nadeem Qasmi ka asal nam Ahmed Shah tha aur woh Awan baradri se taluq rakhtey they,Ahmed,URD
Ahmed Nadeem Qasmi ka asal nam Ahmed Shah tha aur woh Awan baradri se taluq rakhtey they,Nadeem,URD
Ahmed Nadeem Qasmi ka asal nam Ahmed Shah tha aur woh Awan baradri se taluq rakhtey they,Qasmi,URD
Ahmed Nadeem Qasmi ka asal nam Ahmed Shah tha aur woh Awan baradri se taluq rakhtey they,ka,URD
Ahmed Nadeem Qasmi ka asal nam Ahmed Shah tha aur woh Awan baradri se taluq rakhtey they,asal,URD
Ahmed Nadeem Qasmi ka asal nam Ahmed Shah tha aur woh Awan baradri se taluq rakhtey they,nam,ENG
Ahmed Nadeem Qasmi ka asal nam Ahmed Shah tha aur woh Awan baradri se taluq rakhtey they,Ahmed,URD
Ahmed Nadeem Qasmi ka asal nam Ahmed Shah tha aur woh Awan baradri se taluq rakhtey they,Shah,URD
Ahmed Nadeem Qasmi ka asal nam Ahmed Shah tha aur woh Awan baradri se taluq rakhtey they,tha,URD
Ahmed Nadeem Qasmi ka asal nam Ahmed Shah tha aur woh Awan baradri se taluq rakhtey they,aur,URD
Ahmed Nadeem Qasmi ka asal nam Ahmed Shah tha aur woh Awan baradri se taluq rakhtey they,woh,URD
Ahmed Nadeem Qasmi ka asal nam Ahmed Shah tha aur woh Awan baradri se taluq rakhtey they,Awan,URD
Ahmed Nadeem Qasmi ka asal nam Ahmed Shah tha aur woh Awan baradri se taluq rakhtey they,baradri,URD
Ahmed Nadeem Qasmi ka asal nam Ahmed Shah tha aur woh Awan baradri se taluq rakhtey they,se,URD
Ahmed Nadeem Qasmi ka asal nam Ahmed Shah tha aur woh Awan baradri se taluq rakhtey they,taluq,URD
Ahmed Nadeem Qasmi ka asal nam Ahmed Shah tha aur woh Awan baradri se taluq rakhtey they,rakhtey,URD
Ahmed Nadeem Qasmi ka asal nam Ahmed Shah tha aur woh Awan baradri se taluq rakhtey they,they,ENG
Haris saleem page kaa about check kr lo sub mil jy gay,Haris,URD
Haris saleem page kaa about check kr lo sub mil jy gay,saleem,URD
Haris saleem page kaa about check kr lo sub mil jy gay,page,ENG
Haris saleem page kaa about check kr lo sub mil jy gay,kaa,URD
Haris saleem page kaa about check kr lo sub mil jy gay,about,ENG
Haris saleem page kaa about check kr lo sub mil jy gay,check,ENG
Haris saleem page kaa about check kr lo sub mil jy gay,kr,URD
Haris saleem page kaa about check kr lo sub mil jy gay,lo,URD
Haris saleem page kaa about check kr lo sub mil jy gay,sub,URD
Haris saleem page kaa about check kr lo sub mil jy gay,mil,URD
Haris saleem page kaa about check kr lo sub mil jy gay,jy,URD
Haris saleem page kaa about check kr lo sub mil jy gay,gay,ENG
lry baghair b assembly mn hu gy I guess,lry,URD
lry baghair b assembly mn hu gy I guess,baghair,URD
lry baghair b assembly mn hu gy I guess,b,URD
lry baghair b assembly mn hu gy I guess,assembly,ENG
lry baghair b assembly mn hu gy I guess,mn,URD
lry baghair b assembly mn hu gy I guess,hu,ENG
lry baghair b assembly mn hu gy I guess,gy,URD
lry baghair b assembly mn hu gy I guess,I,ENG
lry baghair b assembly mn hu gy I guess,guess,ENG
auntie got no chill sakhtlaondi asi argument humari office ma hoti thi,auntie,URD
auntie got no chill sakhtlaondi asi argument humari office ma hoti thi,got,ENG
auntie got no chill sakhtlaondi asi argument humari office ma hoti thi,no,ENG
auntie got no chill sakhtlaondi asi argument humari office ma hoti thi,chill,URD
auntie got no chill sakhtlaondi asi argument humari office ma hoti thi,sakhtlaondi,URD
auntie got no chill sakhtlaondi asi argument humari office ma hoti thi,asi,URD
auntie got no chill sakhtlaondi asi argument humari office ma hoti thi,argument,ENG
auntie got no chill sakhtlaondi asi argument humari office ma hoti thi,humari,URD
auntie got no chill sakhtlaondi asi argument humari office ma hoti thi,office,ENG
auntie got no chill sakhtlaondi asi argument humari office ma hoti thi,ma,ENG
auntie got no chill sakhtlaondi asi argument humari office ma hoti thi,hoti,URD
auntie got no chill sakhtlaondi asi argument humari office ma hoti thi,thi,URD
Sirf Internet Service Jari Rahegi,Sirf,URD
Sirf Internet Service Jari Rahegi,Internet,ENG
Sirf Internet Service Jari Rahegi,Service,ENG
Sirf Internet Service Jari Rahegi,Jari,URD
Sirf Internet Service Jari Rahegi,Rahegi,URD
Lol navaaan song labbeyaa main exams ton baad gaavaange,Lol,ENG
Lol navaaan song labbeyaa main exams ton baad gaavaange,navaaan,URD
Lol navaaan song labbeyaa main exams ton baad gaavaange,song,ENG
Lol navaaan song labbeyaa main exams ton baad gaavaange,labbeyaa,URD
Lol navaaan song labbeyaa main exams ton baad gaavaange,main,URD
Lol navaaan song labbeyaa main exams ton baad gaavaange,exams,ENG
Lol navaaan song labbeyaa main exams ton baad gaavaange,ton,ENG
Lol navaaan song labbeyaa main exams ton baad gaavaange,baad,URD
Lol navaaan song labbeyaa main exams ton baad gaavaange,gaavaange,URD
Bas galat vote na daal dena mulk ka sawal ha,Bas,URD
Bas galat vote na daal dena mulk ka sawal ha,galat,URD
Bas galat vote na daal dena mulk ka sawal ha,vote,ENG
Bas galat vote na daal dena mulk ka sawal ha,na,URD
Bas galat vote na daal dena mulk ka sawal ha,daal,URD
Bas galat vote na daal dena mulk ka sawal ha,dena,URD
Bas galat vote na daal dena mulk ka sawal ha,mulk,URD
Bas galat vote na daal dena mulk ka sawal ha,ka,URD
Bas galat vote na daal dena mulk ka sawal ha,sawal,URD
Bas galat vote na daal dena mulk ka sawal ha,ha,ENG
Nahi actually main to ab act b nahi krti D D seedha mun py D D,Nahi,URD
Nahi actually main to ab act b nahi krti D D seedha mun py D D,actually,ENG
Nahi actually main to ab act b nahi krti D D seedha mun py D D,main,URD
Nahi actually main to ab act b nahi krti D D seedha mun py D D,to,ENG
Nahi actually main to ab act b nahi krti D D seedha mun py D D,ab,URD
Nahi actually main to ab act b nahi krti D D seedha mun py D D,act,ENG
Nahi actually main to ab act b nahi krti D D seedha mun py D D,b,URD
Nahi actually main to ab act b nahi krti D D seedha mun py D D,nahi,URD
Nahi actually main to ab act b nahi krti D D seedha mun py D D,krti,URD
Nahi actually main to ab act b nahi krti D D seedha mun py D D,D,ENG
Nahi actually main to ab act b nahi krti D D seedha mun py D D,D,ENG
Nahi actually main to ab act b nahi krti D D seedha mun py D D,seedha,URD
Nahi actually main to ab act b nahi krti D D seedha mun py D D,mun,URD
Nahi actually main to ab act b nahi krti D D seedha mun py D D,py,URD
Nahi actually main to ab act b nahi krti D D seedha mun py D D,D,ENG
Nahi actually main to ab act b nahi krti D D seedha mun py D D,D,ENG
tmhe Allah ne bhut handsom bnaya ha isi lie kam show mara kro,tmhe,URD
tmhe Allah ne bhut handsom bnaya ha isi lie kam show mara kro,Allah,URD
tmhe Allah ne bhut handsom bnaya ha isi lie kam show mara kro,ne,URD
tmhe Allah ne bhut handsom bnaya ha isi lie kam show mara kro,bhut,URD
tmhe Allah ne bhut handsom bnaya ha isi lie kam show mara kro,handsom,URD
tmhe Allah ne bhut handsom bnaya ha isi lie kam show mara kro,bnaya,URD
tmhe Allah ne bhut handsom bnaya ha isi lie kam show mara kro,ha,ENG
tmhe Allah ne bhut handsom bnaya ha isi lie kam show mara kro,isi,URD
tmhe Allah ne bhut handsom bnaya ha isi lie kam show mara kro,lie,ENG
tmhe Allah ne bhut handsom bnaya ha isi lie kam show mara kro,kam,URD
tmhe Allah ne bhut handsom bnaya ha isi lie kam show mara kro,show,ENG
tmhe Allah ne bhut handsom bnaya ha isi lie kam show mara kro,mara,URD
tmhe Allah ne bhut handsom bnaya ha isi lie kam show mara kro,kro,URD
mamu bhi muhn main khunganian daal kay baith gaya hey,mamu,URD
mamu bhi muhn main khunganian daal kay baith gaya hey,bhi,URD
mamu bhi muhn main khunganian daal kay baith gaya hey,muhn,URD
mamu bhi muhn main khunganian daal kay baith gaya hey,main,URD
mamu bhi muhn main khunganian daal kay baith gaya hey,khunganian,URD
mamu bhi muhn main khunganian daal kay baith gaya hey,daal,URD
mamu bhi muhn main khunganian daal kay baith gaya hey,kay,ENG
mamu bhi muhn main khunganian daal kay baith gaya hey,baith,URD
mamu bhi muhn main khunganian daal kay baith gaya hey,gaya,URD
mamu bhi muhn main khunganian daal kay baith gaya hey,hey,ENG
Azam ne yeh match jeet ker British open title ki Hit trick mokammal ker li,Azam,URD
Azam ne yeh match jeet ker British open title ki Hit trick mokammal ker li,ne,URD
Azam ne yeh match jeet ker British open title ki Hit trick mokammal ker li,yeh,URD
Azam ne yeh match jeet ker British open title ki Hit trick mokammal ker li,match,ENG
Azam ne yeh match jeet ker British open title ki Hit trick mokammal ker li,jeet,URD
Azam ne yeh match jeet ker British open title ki Hit trick mokammal ker li,ker,URD
Azam ne yeh match jeet ker British open title ki Hit trick mokammal ker li,British,ENG
Azam ne yeh match jeet ker British open title ki Hit trick mokammal ker li,open,ENG
Azam ne yeh match jeet ker British open title ki Hit trick mokammal ker li,title,ENG
Azam ne yeh match jeet ker British open title ki Hit trick mokammal ker li,ki,URD
Azam ne yeh match jeet ker British open title ki Hit trick mokammal ker li,Hit,ENG
Azam ne yeh match jeet ker British open title ki Hit trick mokammal ker li,trick,ENG
Azam ne yeh match jeet ker British open title ki Hit trick mokammal ker li,mokammal,URD
Azam ne yeh match jeet ker British open title ki Hit trick mokammal ker li,ker,URD
Azam ne yeh match jeet ker British open title ki Hit trick mokammal ker li,li,ENG
Mother Teresa ne mazhabi tarbiyat Ireland ke shehar Dublin aur India ke shehar Dar jeeling mein hasil ki,Mother,ENG
Mother Teresa ne mazhabi tarbiyat Ireland ke shehar Dublin aur India ke shehar Dar jeeling mein hasil ki,Teresa,URD
Mother Teresa ne mazhabi tarbiyat Ireland ke shehar Dublin aur India ke shehar Dar jeeling mein hasil ki,ne,URD
Mother Teresa ne mazhabi tarbiyat Ireland ke shehar Dublin aur India ke shehar Dar jeeling mein hasil ki,mazhabi,URD
Mother Teresa ne mazhabi tarbiyat Ireland ke shehar Dublin aur India ke shehar Dar jeeling mein hasil ki,tarbiyat,URD
Mother Teresa ne mazhabi tarbiyat Ireland ke shehar Dublin aur India ke shehar Dar jeeling mein hasil ki,Ireland,ENG
Mother Teresa ne mazhabi tarbiyat Ireland ke shehar Dublin aur India ke shehar Dar jeeling mein hasil ki,ke,URD
Mother Teresa ne mazhabi tarbiyat Ireland ke shehar Dublin aur India ke shehar Dar jeeling mein hasil ki,shehar,URD
Mother Teresa ne mazhabi tarbiyat Ireland ke shehar Dublin aur India ke shehar Dar jeeling mein hasil ki,Dublin,ENG
Mother Teresa ne mazhabi tarbiyat Ireland ke shehar Dublin aur India ke shehar Dar jeeling mein hasil ki,aur,URD
Mother Teresa ne mazhabi tarbiyat Ireland ke shehar Dublin aur India ke shehar Dar jeeling mein hasil ki,India,ENG
Mother Teresa ne mazhabi tarbiyat Ireland ke shehar Dublin aur India ke shehar Dar jeeling mein hasil ki,ke,URD
Mother Teresa ne mazhabi tarbiyat Ireland ke shehar Dublin aur India ke shehar Dar jeeling mein hasil ki,shehar,URD
Mother Teresa ne mazhabi tarbiyat Ireland ke shehar Dublin aur India ke shehar Dar jeeling mein hasil ki,Dar,URD
Mother Teresa ne mazhabi tarbiyat Ireland ke shehar Dublin aur India ke shehar Dar jeeling mein hasil ki,jeeling,URD
Mother Teresa ne mazhabi tarbiyat Ireland ke shehar Dublin aur India ke shehar Dar jeeling mein hasil ki,mein,URD
Mother Teresa ne mazhabi tarbiyat Ireland ke shehar Dublin aur India ke shehar Dar jeeling mein hasil ki,hasil,URD
Mother Teresa ne mazhabi tarbiyat Ireland ke shehar Dublin aur India ke shehar Dar jeeling mein hasil ki,ki,URD
Imran bhi har din subha ki walk ke bad mere liye phool late hain,Imran,URD
Imran bhi har din subha ki walk ke bad mere liye phool late hain,bhi,URD
Imran bhi har din subha ki walk ke bad mere liye phool late hain,har,URD
Imran bhi har din subha ki walk ke bad mere liye phool late hain,din,URD
Imran bhi har din subha ki walk ke bad mere liye phool late hain,subha,URD
Imran bhi har din subha ki walk ke bad mere liye phool late hain,ki,URD
Imran bhi har din subha ki walk ke bad mere liye phool late hain,walk,ENG
Imran bhi har din subha ki walk ke bad mere liye phool late hain,ke,URD
Imran bhi har din subha ki walk ke bad mere liye phool late hain,bad,ENG
Imran bhi har din subha ki walk ke bad mere liye phool late hain,mere,URD
Imran bhi har din subha ki walk ke bad mere liye phool late hain,liye,URD
Imran bhi har din subha ki walk ke bad mere liye phool late hain,phool,URD
Imran bhi har din subha ki walk ke bad mere liye phool late hain,late,ENG
Imran bhi har din subha ki walk ke bad mere liye phool late hain,hain,URD
yra mairay pass aik e shakal ha me dsri ni bna skta,yra,URD
yra mairay pass aik e shakal ha me dsri ni bna skta,mairay,URD
yra mairay pass aik e shakal ha me dsri ni bna skta,pass,ENG
yra mairay pass aik e shakal ha me dsri ni bna skta,aik,URD
yra mairay pass aik e shakal ha me dsri ni bna skta,e,ENG
yra mairay pass aik e shakal ha me dsri ni bna skta,shakal,URD
yra mairay pass aik e shakal ha me dsri ni bna skta,ha,ENG
yra mairay pass aik e shakal ha me dsri ni bna skta,me,ENG
yra mairay pass aik e shakal ha me dsri ni bna skta,dsri,URD
yra mairay pass aik e shakal ha me dsri ni bna skta,ni,URD
yra mairay pass aik e shakal ha me dsri ni bna skta,bna,URD
yra mairay pass aik e shakal ha me dsri ni bna skta,skta,URD
ek to ap mera naam tag krte ho sam main parh kr mari jati hn hyeeeeee,ek,URD
ek to ap mera naam tag krte ho sam main parh kr mari jati hn hyeeeeee,to,ENG
ek to ap mera naam tag krte ho sam main parh kr mari jati hn hyeeeeee,ap,URD
ek to ap mera naam tag krte ho sam main parh kr mari jati hn hyeeeeee,mera,URD
ek to ap mera naam tag krte ho sam main parh kr mari jati hn hyeeeeee,naam,URD
ek to ap mera naam tag krte ho sam main parh kr mari jati hn hyeeeeee,tag,ENG
ek to ap mera naam tag krte ho sam main parh kr mari jati hn hyeeeeee,krte,URD
ek to ap mera naam tag krte ho sam main parh kr mari jati hn hyeeeeee,ho,URD
ek to ap mera naam tag krte ho sam main parh kr mari jati hn hyeeeeee,sam,ENG
ek to ap mera naam tag krte ho sam main parh kr mari jati hn hyeeeeee,main,URD
ek to ap mera naam tag krte ho sam main parh kr mari jati hn hyeeeeee,parh,URD
ek to ap mera naam tag krte ho sam main parh kr mari jati hn hyeeeeee,kr,URD
ek to ap mera naam tag krte ho sam main parh kr mari jati hn hyeeeeee,mari,URD
ek to ap mera naam tag krte ho sam main parh kr mari jati hn hyeeeeee,jati,URD
ek to ap mera naam tag krte ho sam main parh kr mari jati hn hyeeeeee,hn,URD
ek to ap mera naam tag krte ho sam main parh kr mari jati hn hyeeeeee,hyeeeeee,URD
Jis ke bad Steven Seagal ne martial art ki qisam Aikido ki baqaida taleem lena shuru kar di,Jis,URD
Jis ke bad Steven Seagal ne martial art ki qisam Aikido ki baqaida taleem lena shuru kar di,ke,URD
Jis ke bad Steven Seagal ne martial art ki qisam Aikido ki baqaida taleem lena shuru kar di,bad,ENG
Jis ke bad Steven Seagal ne martial art ki qisam Aikido ki baqaida taleem lena shuru kar di,Steven,ENG
Jis ke bad Steven Seagal ne martial art ki qisam Aikido ki baqaida taleem lena shuru kar di,Seagal,URD
Jis ke bad Steven Seagal ne martial art ki qisam Aikido ki baqaida taleem lena shuru kar di,ne,URD
Jis ke bad Steven Seagal ne martial art ki qisam Aikido ki baqaida taleem lena shuru kar di,martial,ENG
Jis ke bad Steven Seagal ne martial art ki qisam Aikido ki baqaida taleem lena shuru kar di,art,ENG
Jis ke bad Steven Seagal ne martial art ki qisam Aikido ki baqaida taleem lena shuru kar di,ki,URD
Jis ke bad Steven Seagal ne martial art ki qisam Aikido ki baqaida taleem lena shuru kar di,qisam,URD
Jis ke bad Steven Seagal ne martial art ki qisam Aikido ki baqaida taleem lena shuru kar di,Aikido,URD
Jis ke bad Steven Seagal ne martial art ki qisam Aikido ki baqaida taleem lena shuru kar di,ki,URD
Jis ke bad Steven Seagal ne martial art ki qisam Aikido ki baqaida taleem lena shuru kar di,baqaida,URD
Jis ke bad Steven Seagal ne martial art ki qisam Aikido ki baqaida taleem lena shuru kar di,taleem,URD
Jis ke bad Steven Seagal ne martial art ki qisam Aikido ki baqaida taleem lena shuru kar di,lena,URD
Jis ke bad Steven Seagal ne martial art ki qisam Aikido ki baqaida taleem lena shuru kar di,shuru,URD
Jis ke bad Steven Seagal ne martial art ki qisam Aikido ki baqaida taleem lena shuru kar di,kar,URD
Jis ke bad Steven Seagal ne martial art ki qisam Aikido ki baqaida taleem lena shuru kar di,di,ENG
Emma Watson apni zaati zindagi apne doston aur press se alag rakhti hai,Emma,ENG
Emma Watson apni zaati zindagi apne doston aur press se alag rakhti hai,Watson,ENG
Emma Watson apni zaati zindagi apne doston aur press se alag rakhti hai,apni,URD
Emma Watson apni zaati zindagi apne doston aur press se alag rakhti hai,zaati,URD
Emma Watson apni zaati zindagi apne doston aur press se alag rakhti hai,zindagi,URD
Emma Watson apni zaati zindagi apne doston aur press se alag rakhti hai,apne,URD
Emma Watson apni zaati zindagi apne doston aur press se alag rakhti hai,doston,URD
Emma Watson apni zaati zindagi apne doston aur press se alag rakhti hai,aur,URD
Emma Watson apni zaati zindagi apne doston aur press se alag rakhti hai,press,ENG
Emma Watson apni zaati zindagi apne doston aur press se alag rakhti hai,se,URD
Emma Watson apni zaati zindagi apne doston aur press se alag rakhti hai,alag,URD
Emma Watson apni zaati zindagi apne doston aur press se alag rakhti hai,rakhti,URD
Emma Watson apni zaati zindagi apne doston aur press se alag rakhti hai,hai,URD
Ya suit salay ha ya nu salay,Ya,URD
Ya suit salay ha ya nu salay,suit,ENG
Ya suit salay ha ya nu salay,salay,URD
Ya suit salay ha ya nu salay,ha,ENG
Ya suit salay ha ya nu salay,ya,URD
Ya suit salay ha ya nu salay,nu,ENG
Ya suit salay ha ya nu salay,salay,URD
